Фамилия	Имя, отчество	Login	Password	Role	ФамилияИмя, отчество
Яковлев 	Ефим Ильяович	loginDEsar2018	2M2IQH	Заказчик	Яковлев Ефим Ильяович
Васильева 	Маргарита Валерьяновна	loginDEuxd2018	*PI3KN	Менеджер по закупкам	Васильева Маргарита Валерьяновна
Петухов 	Гордей Серапионович	loginDEepk2018	VZ&Ak7	Директор	Петухов Гордей Серапионович
Нестеров 	Виктор Юлианович	loginDEjhb2018	PNvt8N	Заказчик	Нестеров Виктор Юлианович
Белоусов 	Антонин Яковович	loginDExzi2018	{+1T1M	Директор	Белоусов Антонин Яковович
Ермакова 	Александра Куприяновна	loginDEvva2018	G{q*LD	Мастер	Ермакова Александра Куприяновна
Баранова 	Галина Еремеевна	loginDEudz2018	Xcjvmi	Заказчик	Баранова Галина Еремеевна
Лебедев 	Валерьян Кимович	loginDEyyj2018	z+U0XU	Менеджер по закупкам	Лебедев Валерьян Кимович
Никонов 	Богдан Юлианович	loginDEvdj2018	5Eq6d|	Менеджер по продажам	Никонов Богдан Юлианович
Карпов 	Дмитрий Владимирович	loginDErwk2018	|nZOKu	Заказчик	Карпов Дмитрий Владимирович
Мартынов 	Онисим Ярославович	loginDElkc2018	BOvRGk	Менеджер по продажам	Мартынов Онисим Ярославович
Кузнецов 	Созон Викторович	loginDEmge2018	C947}j	Менеджер по закупкам	Кузнецов Созон Викторович
Николаева 	Ирина Федотовна	loginDEtol2018	&ksGM5	Директор	Николаева Ирина Федотовна
Виноградов 	Ростислав Еремеевич	loginDEjwb2018	IQ+a01	Мастер	Виноградов Ростислав Еремеевич
Лебедева 	Евдокия Ивановна	loginDEzhf2018	xws6L9	Директор	Лебедева Евдокия Ивановна
Иванов 	Игнатий Авксентьевич	loginDEobp2018	XNGjJy	Заказчик	Иванов Игнатий Авксентьевич
Савин 	Пётр Артёмович	loginDEloi2018	azEz+L	Мастер	Савин Пётр Артёмович
Голубев 	Семён Олегович	loginDEuau2018	FNnhJ1	Менеджер по закупкам	Голубев Семён Олегович
Горбачёв 	Ириней Викторович	loginDEdwi2018	n*aog&	Менеджер по продажам	Горбачёв Ириней Викторович
Игнатьева 	Глафира Эдуардовна	loginDEecu2018	s6FMJ|	Мастер	Игнатьева Глафира Эдуардовна
Красильников 	Геннадий Романович	loginDEdfk2018	aqgkFV	Менеджер по продажам	Красильников Геннадий Романович
Якушев 	Германн Мэлорович	loginDEkxq2018	8igB2p	Заказчик	Якушев Германн Мэлорович
Андреев 	Руслан Федосеевич	loginDEhqm2018	BPvGYj	Мастер	Андреев Руслан Федосеевич
Козлов 	Эдуард Протасьевич	loginDEyzm2018	*Nx7JS	Директор	Козлов Эдуард Протасьевич
Галкин 	Ярослав Фролович	loginDEzbd2018	hWTIZR	Мастер	Галкин Ярослав Фролович
Назаров 	Иван Мартынович	loginDEoni2018	phdlXA	Менеджер по закупкам	Назаров Иван Мартынович
Воронцов 	Владимир Игнатьевич	loginDEewk2018	4baKX7	Менеджер по продажам	Воронцов Владимир Игнатьевич
Артемьев 	Даниил Дамирович	loginDEdfh2018	t0CrUG	Менеджер по закупкам	Артемьев Даниил Дамирович
Абрамова 	Милица Аристарховна	loginDEufs2018	7CLi&1	Директор	Абрамова Милица Аристарховна
Владимиров 	Протасий Витальевич	loginDEzsy2018	a6}lPi	Мастер	Владимиров Протасий Витальевич
Агафонов 	Ириней Фёдорович	loginDElzj2018	Ph0lH+	Менеджер по закупкам	Агафонов Ириней Фёдорович
Суворов 	Владислав Иринеевич	loginDEwtu2018	kVUA|*	Мастер	Суворов Владислав Иринеевич
Яковлев 	Игнатий Даниилович	loginDEpyt2018	VAwNEk	Менеджер по закупкам	Яковлев Игнатий Даниилович
Павлов 	Константин Гордеевич	loginDEquw2018	65j6kZ	Заказчик	Павлов Константин Гордеевич
Щукина 	Марфа Глебовна	loginDEcxk2018	sM*fqO	Заказчик	Щукина Марфа Глебовна
Мишин 	Михаил Глебович	loginDEnxq2018	|yxsob	Мастер	Мишин Михаил Глебович
Исакова 	София Юрьевна	loginDEpmm2018	wRERed	Менеджер по закупкам	Исакова София Юрьевна
Сысоева 	Виктория Максимовна	loginDEitt2018	L+OKpQ	Мастер	Сысоева Виктория Максимовна
Большаков 	Владимир Филатович	loginDEttt2018	1YOnW3	Менеджер по продажам	Большаков Владимир Филатович
Абрамова 	Оксана Ростиславовна	loginDExrn2018	eaI8ng	Заказчик	Абрамова Оксана Ростиславовна
Зиновьев 	Иван Ильяович	loginDEelh2018	NNmfSo	Мастер	Зиновьев Иван Ильяович
Евдокимов 	Алексей Антонович	loginDEwxd2018	Smjq0v	Заказчик	Евдокимов Алексей Антонович
Романов 	Германн Серапионович	loginDEiho2018	UIlg{8	Менеджер по продажам	Романов Германн Серапионович
Логинов 	Егор Лаврентьевич	loginDEsyo2018	F743ca	Менеджер по закупкам	Логинов Егор Лаврентьевич
Кондратьев 	Бронислав Тихонович	loginDEmwq2018	YZ{snT	Директор	Кондратьев Бронислав Тихонович
Александрова 	Нинель Мстиславовна	loginDEykk2018	EttWT{	Менеджер по закупкам	Александрова Нинель Мстиславовна
Терентьев 	Игорь Александрович	loginDEell2018	7wQfBj	Заказчик	Терентьев Игорь Александрович
Пахомов 	Гордей Борисович	loginDEdys2018	B}2V7t	Мастер	Пахомов Гордей Борисович
Большаков 	Яков Протасьевич	loginDEqoh2018	+xRJ|2	Мастер	Большаков Яков Протасьевич
Крылов 	Авдей Анатольевич	loginDEpdv2018	r1HuS2	Мастер	Крылов Авдей Анатольевич
Петрова 	Иванна Андреевна	loginDEzqn2018	Lgd57H	Заказчик	Петрова Иванна Андреевна
Воронцов 	Никита Лаврентьевич	loginDEvzo2018	VO7mOE	Менеджер по продажам	Воронцов Никита Лаврентьевич
Федосеев 	Иван Валентинович	loginDEiyy2018	Ip|*iS	Заказчик	Федосеев Иван Валентинович
Галкин 	Владислав Филатович	loginDEdgv2018	kfmvXj	Мастер	Галкин Владислав Филатович
Киселёв 	Валерьян Евгеньевич	loginDEurj2018	9ImBsL	Менеджер по закупкам	Киселёв Валерьян Евгеньевич
Путин 	Станислав Протасьевич	loginDEaul2018	MTZb+A	Заказчик	Путин Станислав Протасьевич
Харитонов 	Германн Ефимович	loginDEbdx2018	F|mMSS	Мастер	Харитонов Германн Ефимович
Гурьева 	Ольга Аркадьевна	loginDEyzp2018	wFCnHN	Директор	Гурьева Ольга Аркадьевна
Сысоев 	Демьян Антонинович	loginDErwb2018	v5RpBS	Директор	Сысоев Демьян Антонинович
Шубин 	Тихон Лаврентьевич	loginDEpri2018	RI2*T9	Менеджер по продажам	Шубин Тихон Лаврентьевич
Евсеев 	Эдуард Протасьевич	loginDEzpr2018	#ИМЯ?	Менеджер по продажам	Евсеев Эдуард Протасьевич
Мясников 	Борис Лукьевич	loginDEhfv2018	QpAY63	Менеджер по закупкам	Мясников Борис Лукьевич
Мартынова 	Клавдия Лукьяновна	loginDEyjy2018	20uyVz	Заказчик	Мартынова Клавдия Лукьяновна
Филатов 	Константин Вадимович	loginDEejw2018	4}szdy	Заказчик	Филатов Константин Вадимович
Ефремов 	Протасий Протасьевич	loginDEdby2018	rleZVk	Менеджер по продажам	Ефремов Протасий Протасьевич
Михайлов 	Парфений Мэлорович	loginDEzqk2018	TOOuow	Менеджер по закупкам	Михайлов Парфений Мэлорович
Самойлов 	Богдан Геласьевич	loginDEjdf2018	*jzOGy	Директор	Самойлов Богдан Геласьевич
Громова 	Маргарита Митрофановна	loginDEycc2018	YeTO&L	Заказчик	Громова Маргарита Митрофановна
Копылова 	Иванна Геласьевна	loginDEmoq2018	*bhJb4	Менеджер по закупкам	Копылова Иванна Геласьевна
Носков 	Семён Васильевич	loginDEgtz2018	Tv&BVy	Мастер	Носков Семён Васильевич
Данилов 	Егор Валентинович	loginDEkuy2018	s4Vm64	Директор	Данилов Егор Валентинович
Иванов 	Вячеслав Парфеньевич	loginDEpxb2018	wso}8C	Директор	Иванов Вячеслав Парфеньевич
Кошелева 	Василиса Якововна	loginDEbfn2018	RCt1Sk	 Менеджер по закупкам	Кошелева Василиса Якововна
Данилов 	Мстислав Олегович	loginDEhqt2018	EhWhoq	Мастер	Данилов Мстислав Олегович
Горбунов 	Павел Леонидович	loginDExyh2018	CRk03h	Мастер	Горбунов Павел Леонидович
Никитин 	Борис Евгеньевич	loginDEjrd2018	8tl2a+	Менеджер по продажам	Никитин Борис Евгеньевич
Доронина 	Фаина Якуновна	loginDEkma2018	jW{dgt	Заказчик	Доронина Фаина Якуновна
Поляков 	Лукьян Викторович	loginDEknj2018	hKZfoC	Заказчик	Поляков Лукьян Викторович
Уварова 	Наталья Евгеньевна	loginDEfvq2018	*uGVVE	Менеджер по продажам	Уварова Наталья Евгеньевна
Соболев 	Фрол Германович	loginDEvqh2018	oQmpma	Менеджер по продажам	Соболев Фрол Германович
Суворова 	Зинаида Александровна	loginDEcdg2018	UYNHsU	Заказчик	Суворова Зинаида Александровна
Федосеева 	Иванна Михаиловна	loginDEpdu2018	#ИМЯ?	Директор	Федосеева Иванна Михаиловна
Кудряшов 	Михаил Протасьевич	loginDEgbi2018	c29wfj	Мастер	Кудряшов Михаил Протасьевич
Аксёнова 	Александра Лаврентьевна	loginDEklt2018	5QO|u4	Мастер	Аксёнова Александра Лаврентьевна
Баранов 	Алексей Авдеевич	loginDEbka2018	|AbflR	Менеджер по продажам	Баранов Алексей Авдеевич
Гришин 	Донат Константинович	loginDEthx2018	+t}zCu	Директор	Гришин Донат Константинович
Ершов 	Виктор Яковович	loginDErns2018	tz2wx5	Директор	Ершов Виктор Яковович
Григорьев 	Митрофан Парфеньевич	loginDEybt2018	e7uyxU	Директор	Григорьев Митрофан Парфеньевич
Панов 	Донат Александрович	loginDEoyy2018	4a0mnh	Мастер	Панов Донат Александрович
Буров 	Серапион Сергеевич	loginDEooj2018	GPf+Bw	Мастер	Буров Серапион Сергеевич
Дорофеева 	Светлана Брониславовна	loginDExbs2018	I6DDeV	Мастер	Дорофеева Светлана Брониславовна
Суханова 	Ангелина Григорьевна	loginDEafi2018	hN8}Tj	Менеджер по закупкам	Суханова Ангелина Григорьевна
Сергеев 	Антонин Вадимович	loginDEzyb2018	ZG73**	Менеджер по закупкам	Сергеев Антонин Вадимович
Комиссаров 	Тихон Варламович	loginDEhwk2018	TeoCY0	Менеджер по продажам	Комиссаров Тихон Варламович
Ефимова 	Анжелика Николаевна	loginDEzby2018	n|MYCO	Мастер	Ефимова Анжелика Николаевна
Блинов 	Мэлор Дамирович	loginDExzu2018	Sch+GG	Заказчик	Блинов Мэлор Дамирович
Блохина 	Акулина Якуновна	loginDExzf2018	6cmjFd	Мастер	Блохина Акулина Якуновна
Гущина 	Ксения Романовна	loginDEzva2018	0vLvlW	Менеджер по закупкам	Гущина Ксения Романовна
Пахомов 	Донат Евсеевич	loginDEdya2018	tS2NmR	Директор	Пахомов Донат Евсеевич
Дементьев 	Владлен Глебович	loginDEaou2018	1E6ONr	Заказчик	Дементьев Владлен Глебович
Мишин 	Ростислав Пантелеймонович	loginDEeqk2018	I{iaU4	Менеджер по продажам	Мишин Ростислав Пантелеймонович
Пестова 	Ия Святославовна	loginDErot2018	I+0E2j	Менеджер по продажам	Пестова Ия Святославовна
Казакова 	Кира Вячеславовна	loginDEhkz2018	T6BAKi	Мастер	Казакова Кира Вячеславовна
Жданов 	Ярослав Варламович	loginDEcxd2018	#ИМЯ?	Менеджер по продажам	Жданов Ярослав Варламович
Вишнякова 	Прасковья Всеволодовна	loginDEpty2018	m{Li1+	Директор	Вишнякова Прасковья Всеволодовна
Панфилов 	Кондрат Антонинович	loginDEtaa2018	R8oTaQ	Заказчик	Панфилов Кондрат Антонинович
Буров 	Егор Арсеньевич	loginDEibc2018	qb8|Mk	Менеджер по закупкам	Буров Егор Арсеньевич
Рожков 	Глеб Гордеевич	loginDEwxv2018	qK6y{W	Заказчик	Рожков Глеб Гордеевич
Федосеева 	Ольга Алексеевна	loginDEdmd2018	6xjzYR	Менеджер по закупкам	Федосеева Ольга Алексеевна
Яковлева 	Валерия Михаиловна	loginDEytk2018	7D9re0	Директор	Яковлева Валерия Михаиловна
Лукин 	Пётр Кондратович	loginDEqga2018	P+4p4a	Мастер	Лукин Пётр Кондратович
Дмитриев 	Никита Пётрович	loginDEaxl2018	V2S+Ih	Директор	Дмитриев Никита Пётрович
Тарасова 	Зоя Якуновна	loginDEyan2018	uf6Krf	Директор	Тарасова Зоя Якуновна
Исаков 	Константин Яковович	loginDEidg2018	YjZW6A	Заказчик	Исаков Константин Яковович
Юдин 	Валентин Геласьевич	loginDEwpm2018	zqnoi|	Заказчик	Юдин Валентин Геласьевич
Селиверстова 	Анжела Алексеевна	loginDEpiz2018	JTXLk6	Мастер	Селиверстова Анжела Алексеевна
Беляев 	Якун Протасьевич	loginDEdoo2018	1jH&}l	Заказчик	Беляев Якун Протасьевич
Сидоров 	Святослав Демьянович	loginDEjeh2018	IgW*|U	Мастер	Сидоров Святослав Демьянович
Кабанов 	Виктор Парфеньевич	loginDEerm2018	XPr8zT	Заказчик	Кабанов Виктор Парфеньевич
Рогов 	Ким Станиславович	loginDEdlu2018	JgY{Zo	Директор	Рогов Ким Станиславович
Блинова 	Марфа Николаевна	loginDEplk2018	xQxtYm	Мастер	Блинова Марфа Николаевна
Тетерин 	Варлам Кимович	loginDEtix2018	Y5zv9+	Директор	Тетерин Варлам Кимович
Крюков 	Даниил Онисимович	loginDEarc2018	AZin*Q	Менеджер по продажам	Крюков Даниил Онисимович
Пахомова 	Антонина Еремеевна	loginDEpba2018	&HmMXH	Мастер	Пахомова Антонина Еремеевна
Харитонов 	Ириней Авксентьевич	loginDEyeg2018	CFEe+Z	Заказчик	Харитонов Ириней Авксентьевич
Кузьмин 	Евсей Андреевич	loginDEshj2018	#ИМЯ?	Мастер	Кузьмин Евсей Андреевич
Виноградов 	Матвей Анатольевич	loginDEchx2018	S5c&fX	Заказчик	Виноградов Матвей Анатольевич
Якушева 	Анастасия Якуновна	loginDEwvl2018	&9Vpqk	Менеджер по продажам	Якушева Анастасия Якуновна
Егоров 	Евсей Константинович	loginDEeeg2018	fIqIdE	Заказчик	Егоров Евсей Константинович
Морозова 	Феврония Всеволодовна	loginDEaeu2018	ubmJ{u	Мастер	Морозова Феврония Всеволодовна
Доронин 	Митрофан Лаврентьевич	loginDEend2018	SX8Z4A	Заказчик	Доронин Митрофан Лаврентьевич
Костин 	Константин Арсеньевич	loginDEtik2018	a&+vrv	Менеджер по закупкам	Костин Константин Арсеньевич
Сорокин 	Агафон Семёнович	loginDEmmh2018	x1wAHo	Менеджер по продажам	Сорокин Агафон Семёнович
Мясникова 	Евфросиния Федотовна	loginDEcur2018	FuE312	Мастер	Мясникова Евфросиния Федотовна
Власов 	Никита Мартынович	loginDEath2018	Ii{d2t	Мастер	Власов Никита Мартынович
Зуев 	Николай Георгьевич	loginDEdif2018	Tpivcr	Мастер	Зуев Николай Георгьевич
Жданов 	Степан Аристархович	loginDErnv2018	gJ1NYR	Заказчик	Жданов Степан Аристархович
Кулагин 	Лукий Брониславович	loginDEhrc2018	sk1mgK	Менеджер по продажам	Кулагин Лукий Брониславович
Кабанова 	Алла Фёдоровна	loginDEodw2018	AMSLmE	Заказчик	Кабанова Алла Фёдоровна
Соболева 	Валерия Всеволодовна	loginDEbed2018	282IYv	Менеджер по закупкам	Соболева Валерия Всеволодовна
Михеев 	Ярослав Антонович	loginDEnqq2018	XKrJOU	Менеджер по продажам	Михеев Ярослав Антонович
Комаров 	Всеволод Степанович	loginDEjgu2018	ELrDod	Менеджер по продажам	Комаров Всеволод Степанович
Белоусов 	Лукьян Геласьевич	loginDEwbn2018	96TfQ|	Менеджер по закупкам	Белоусов Лукьян Геласьевич
Фёдоров 	Донат Егорович	loginDEfbq2018	}G4XKd	Менеджер по закупкам	Фёдоров Донат Егорович
Матвиенко 	Валерия Вячеславовна	loginDEccy2018	4zb2ow	Мастер	Матвиенко Валерия Вячеславовна
Калашников 	Бронислав Арсеньевич	loginDEuwn2018	wPbrBV	Менеджер по продажам	Калашников Бронислав Арсеньевич
Турова 	Василиса Алексеевна	loginDEsty2018	Caam+a	Директор	Турова Василиса Алексеевна
Андреев 	Лаврентий Созонович	loginDEubl2018	R&o+7+	Менеджер по закупкам	Андреев Лаврентий Созонович
Филиппова 	Фаина Фёдоровна	loginDEtqw2018	UJW+*N	Заказчик	Филиппова Фаина Фёдоровна
Соболев 	Геннадий Якунович	loginDExic2018	bp&g7f	Менеджер по продажам	Соболев Геннадий Якунович
Михеева 	Евдокия Якововна	loginDEvdy2018	|9AaAE	Директор	Михеева Евдокия Якововна
Евдокимова 	Людмила Лаврентьевна	loginDEqhl2018	FQQRMz	Директор	Евдокимова Людмила Лаврентьевна
Чернов 	Арсений Германнович	loginDEhya2018	#ИМЯ?	Заказчик	Чернов Арсений Германнович
Бирюков 	Вячеслав Агафонович	loginDEffq2018	Vs0tGb	Менеджер по закупкам	Бирюков Вячеслав Агафонович
Веселов 	Вячеслав Аркадьевич	loginDEopr2018	Oklkhh	Менеджер по продажам	Веселов Вячеслав Аркадьевич
Исаева 	Любовь Мэлоровна	loginDEmbm2018	g90TWM	Менеджер по закупкам	Исаева Любовь Мэлоровна
Гуляева 	Лидия Ростиславовна	loginDEsze2018	S*{8Ml	Заказчик	Гуляева Лидия Ростиславовна
Сазонова 	Раиса Кондратовна	loginDEctg2018	dN+jod	Мастер	Сазонова Раиса Кондратовна
Пахомов 	Дмитрий Юлианович	loginDEruq2018	mXdZTI	Директор	Пахомов Дмитрий Юлианович
Сафонов 	Семён Лаврентьевич	loginDEqpk2018	Tnh3DJ	Менеджер по продажам	Сафонов Семён Лаврентьевич
Игнатьева 	Элеонора Олеговна	loginDEmhc2018	mMYPim	Заказчик	Игнатьева Элеонора Олеговна
Жданова 	Ангелина Якуновна	loginDErvp2018	iIOsgI	Заказчик	Жданова Ангелина Якуновна
Баранов 	Валерьян Игнатьевич	loginDEgdb2018	xLvXN{	Директор	Баранов Валерьян Игнатьевич
Селезнёва 	Татьяна Антониновна	loginDExet2018	S*onWu	Менеджер по закупкам	Селезнёва Татьяна Антониновна
Наумов 	Ефим Онисимович	loginDEupl2018	KE6*k|	Мастер	Наумов Ефим Онисимович
Филатова 	Пелагея Якуновна	loginDEkbx2018	T}4cTC	Менеджер по закупкам	Филатова Пелагея Якуновна
Карпова 	Дарья Валерьевна	loginDEzwo2018	zkc0S}	Менеджер по закупкам	Карпова Дарья Валерьевна
Пономарёв 	Ярослав Лаврентьевич	loginDEvln2018	keXJ3o	Заказчик	Пономарёв Ярослав Лаврентьевич
Гурьев 	Евгений Витальевич	loginDEayj2018	#ИМЯ?	Мастер	Гурьев Евгений Витальевич
Игнатова 	Марфа Артёмовна	loginDEoby2018	*j704g	Менеджер по продажам	Игнатова Марфа Артёмовна
Бобров 	Пётр Леонидович	loginDEdje2018	Ros+rl	Заказчик	Бобров Пётр Леонидович
Кузнецова 	Элеонора Матвеевна	loginDEnux2018	{XMSKj	Директор	Кузнецова Элеонора Матвеевна
Кузьмин 	Василий Валерьевич	loginDEyhv2018	zNZYk{	Директор	Кузьмин Василий Валерьевич
Копылова 	Антонина Макаровна	loginDEuwy2018	m0S8Hy	Заказчик	Копылова Антонина Макаровна
Кабанов 	Гордей Геласьевич	loginDEkit2018	Zx89p+	Заказчик	Кабанов Гордей Геласьевич
Мельникова 	Прасковья Мстиславовна	loginDEzfi2018	VbhJh*	Менеджер по закупкам	Мельникова Прасковья Мстиславовна
Громов 	Куприян Святославович	loginDEbhd2018	a80d5I	Менеджер по продажам	Громов Куприян Святославович
Капустин 	Федот Русланович	loginDEpul2018	1y2EaM	Директор	Капустин Федот Русланович
Герасимов 	Донат Ефимович	loginDEsyc2018	IX+1o1	Менеджер по продажам	Герасимов Донат Ефимович
Панова 	Тамара Протасьевна	loginDEmqf2018	*eh|rQ	Заказчик	Панова Тамара Протасьевна
Ефремов 	Дмитрий Мартынович	loginDEhjw2018	dFb{aw	Директор	Ефремов Дмитрий Мартынович
Поляков 	Евсей Алексеевич	loginDEcjd2018	F4Qv}x	Менеджер по закупкам	Поляков Евсей Алексеевич
Беспалов 	Еремей Мартынович	loginDElnh2018	D+83Ot	Менеджер по закупкам	Беспалов Еремей Мартынович
Тарасова 	Ксения Олеговна	loginDEebx2018	WTBC7e	Мастер	Тарасова Ксения Олеговна
Кулаков 	Протасий Глебович	loginDEtbf2018	}g|DE+	Менеджер по продажам	Кулаков Протасий Глебович
Соловьёва 	Любовь Онисимовна	loginDEpjz2018	V8ArPO	Менеджер по закупкам	Соловьёва Любовь Онисимовна
Владимиров 	Геннадий Еремеевич	loginDEfpm2018	oJ7&bs	Менеджер по продажам	Владимиров Геннадий Еремеевич
Некрасова 	Клавдия Денисовна	loginDEdrx2018	*SZ7TL	Менеджер по закупкам	Некрасова Клавдия Денисовна
Казакова 	Фаина Антониновна	loginDEykq2018	Veq1N7	Директор	Казакова Фаина Антониновна
Сазонов 	Протасий Игоревич	loginDEthb2018	Lt7|ok	Менеджер по продажам	Сазонов Протасий Игоревич
Исаев 	Антон Брониславович	loginDEbdb2018	nxULDN	Заказчик	Исаев Антон Брониславович
Матвеев 	Илья Федосеевич	loginDEysy2018	*M+eyt	Директор	Матвеев Илья Федосеевич
Шестаков 	Всеволод Лукьевич	loginDEjrt2018	x8St23	Мастер	Шестаков Всеволод Лукьевич
Сергеев 	Еремей Серапионович	loginDEwim2018	Sbe&j}	Мастер	Сергеев Еремей Серапионович
Молчанова 	Эмилия Мэлсовна	loginDEbbt2018	IclO}d	Менеджер по продажам	Молчанова Эмилия Мэлсовна
Комаров 	Альвиан Юлианович	loginDEwbe2018	C&n1bj	Директор	Комаров Альвиан Юлианович
Щукина 	Клавдия Куприяновна	loginDEgcb2018	St&dIw	Мастер	Щукина Клавдия Куприяновна
Суханов 	Лукий Ростиславович	loginDEvai2018	7dX5WR	Менеджер по закупкам	Суханов Лукий Ростиславович
Мишина 	Глафира Вадимовна	loginDErbv2018	7NrYfL	Менеджер по продажам	Мишина Глафира Вадимовна
Бобылёв 	Якун Альбертович	loginDEyis2018	qcBZOv	Заказчик	Бобылёв Якун Альбертович
Маслов 	Геннадий Куприянович	loginDEmiy2018	dK6+AE	Заказчик	Маслов Геннадий Куприянович
Кириллов 	Серапион Всеволодович	loginDExrj2018	WJrQlq	Менеджер по продажам	Кириллов Серапион Всеволодович
Горшкова 	Людмила Филатовна	loginDEtyl2018	C4f}5e	Менеджер по закупкам	Горшкова Людмила Филатовна
Тарасова 	Людмила Макаровна	loginDEvrn2018	AfSRZI	 Заказчик	Тарасова Людмила Макаровна
Русаков 	Ярослав Агафонович	loginDEqoa2018	NUeFuT	Директор	Русаков Ярослав Агафонович
Ефремова 	Варвара Иринеевна	loginDEyin2018	eikez3	Мастер	Ефремова Варвара Иринеевна
Игнатьев 	Федосей Парфеньевич	loginDEwpz2018	eMn{Kl	Директор	Игнатьев Федосей Парфеньевич
Степанова 	Маргарита Ильяовна	loginDEdmj2018	J+}Wvc	Менеджер по продажам	Степанова Маргарита Ильяовна
Блохина 	Александра Митрофановна	loginDEooq2018	pSp9XX	Заказчик	Блохина Александра Митрофановна
Яковлев 	Фёдор Мартынович	loginDEjoa2018	kChmEo	Директор	Яковлев Фёдор Мартынович
Журавлёва 	Пелагея Витальевна	loginDEszj2018	B6&cJf	Менеджер по закупкам	Журавлёва Пелагея Витальевна
Корнилов 	Филат Артёмович	loginDEhzm2018	D*pP0+	Директор	Корнилов Филат Артёмович
Ковалёв 	Павел Денисович	loginDEsep2018	sG40du	Менеджер по продажам	Ковалёв Павел Денисович
Петров 	Вадим Мэлорович	loginDEhiq2018	IbJ}qw	Менеджер по закупкам	Петров Вадим Мэлорович
Нестеров 	Альберт Мстиславович	loginDEmww2018	ukBtoC	Директор	Нестеров Альберт Мстиславович
Терентьева 	Вероника Протасьевна	loginDEgju2018	C7nYc{	Директор	Терентьева Вероника Протасьевна
Белоусов 	Евсей Николаевич	loginDEcyg2018	UQA1Uu	Заказчик	Белоусов Евсей Николаевич
Лебедев 	Парфений Якунович	loginDEjyc2018	cj9ECm	Менеджер по закупкам	Лебедев Парфений Якунович
Наумов 	Мстислав Павлович	loginDEvxf2018	yS2WHF	Менеджер по продажам	Наумов Мстислав Павлович
Поляков 	Яков Юлианович	loginDEajj2018	hzO1*o	Заказчик	Поляков Яков Юлианович
Самойлова 	Клавдия Владленовна	loginDEjre2018	Ea5FeF	Заказчик	Самойлова Клавдия Владленовна
Гусева 	Алина Васильевна	loginDEelw2018	8m|p+S	Заказчик	Гусева Алина Васильевна
Тимофеева 	Елизавета Мэлсовна	loginDEkea2018	82af{y	Менеджер по продажам	Тимофеева Елизавета Мэлсовна
Гурьева 	Кира Варламовна	loginDExkx2018	8uXYWo	Мастер	Гурьева Кира Варламовна
Родионов 	Святослав Олегович	loginDEyxm2018	*DB|&d	Менеджер по закупкам	Родионов Святослав Олегович
Белов 	Геласий Серапионович	loginDEuzv2018	|6J|mm	Директор	Белов Геласий Серапионович
Уваров 	Руслан Иринеевич	loginDEyaa2018	8}w*yf	Менеджер по продажам	Уваров Руслан Иринеевич
Сафонов 	Станислав Григорьевич	loginDEgpt2018	Gao1gX	Директор	Сафонов Станислав Григорьевич
Игнатьев 	Алексей Вадимович	loginDEojz2018	N50|5T	Менеджер по продажам	Игнатьев Алексей Вадимович
Елисеев 	Евсей Борисович	loginDEzqo2018	HHG+eY	Менеджер по закупкам	Елисеев Евсей Борисович
Воронцов 	Валерьян Даниилович	loginDEkfs2018	q}b+Tf	Менеджер по продажам	Воронцов Валерьян Даниилович
Князев 	Егор Донатович	loginDEqql2018	QHE5zz	Менеджер по закупкам	Князев Егор Донатович
Ковалёва 	Мария Максимовна	loginDEmjf2018	p+u{vH	Менеджер по закупкам	Ковалёва Мария Максимовна
Авдеев 	Константин Станиславович	loginDEjjx2018	DP|ubQ	Менеджер по закупкам	Авдеев Константин Станиславович
Семёнова 	Жанна Онисимовна	loginDEtch2018	TsU4a5	Мастер	Семёнова Жанна Онисимовна
Устинова 	Милица Георгьевна	loginDEpll2018	J9pnJW	Менеджер по продажам	Устинова Милица Георгьевна
Исаева 	Елена Валерьяновна	loginDEqcb2018	oMOLh+	Менеджер по продажам	Исаева Елена Валерьяновна
Сорокин 	Лаврентий Аркадьевич	loginDEivc2018	Ci52qh	Заказчик	Сорокин Лаврентий Аркадьевич
Наумова 	Пелагея Лукьяновна	loginDEybw2018	d+t136	Директор	Наумова Пелагея Лукьяновна
Фадеев 	Христофор Вячеславович	loginDEtqn2018	IdjLc2	Директор	Фадеев Христофор Вячеславович
Блохин 	Богдан Улебович	loginDEtby2018	36YniT	Менеджер по закупкам	Блохин Богдан Улебович
Громова 	Фаина Лаврентьевна	loginDEnrq2018	pn{5RN	Заказчик	Громова Фаина Лаврентьевна
Зыков 	Богдан Леонидович	loginDEill2018	5c|dSJ	Директор	Зыков Богдан Леонидович
Савельева 	Прасковья Георгьевна	loginDErzp2018	W6rx|w	Менеджер по закупкам	Савельева Прасковья Георгьевна
Петухова 	Элеонора Ильяовна	loginDEjgq2018	gJEYkn	Менеджер по продажам	Петухова Элеонора Ильяовна
Морозова 	Клавдия Святославовна	 loginDEbho2018	AFvMyh	Директор	Морозова Клавдия Святославовна
Колесников 	Пантелеймон Якунович	loginDErvi2018	|9LJNA	Директор	Колесников Пантелеймон Якунович
Орехова 	Агафья Пантелеймоновна	loginDEifv2018	V61gmp	Заказчик	Орехова Агафья Пантелеймоновна
Фадеев 	Виталий Анатольевич	loginDEqkn2018	KdU6uK	Заказчик	Фадеев Виталий Анатольевич
Блинова 	Прасковья Агафоновна	loginDExbf2018	Vl9R|I	Мастер	Блинова Прасковья Агафоновна
Игнатова 	Нинель Лаврентьевна	loginDEwkl2018	415qNv	Директор	Игнатова Нинель Лаврентьевна
Савин 	Донат Ярославович	loginDEqwd2018	Ix4V{i	Мастер	Савин Донат Ярославович
Романов 	Аристарх Ильяович	loginDEjno2018	kuLGGL	Менеджер по продажам	Романов Аристарх Ильяович
Мишин 	Эдуард Фёдорович	loginDEpgp2018	q|Ov9c	Мастер	Мишин Эдуард Фёдорович
Макарова 	Маргарита Всеволодовна	loginDEwua2018	*tyvel	Мастер	Макарова Маргарита Всеволодовна
Носкова 	Нинель Иринеевна	loginDExdd2018	rp22fO	Менеджер по продажам	Носкова Нинель Иринеевна
Суворов 	Егор Гордеевич	loginDEmom2018	0gSoaA	Мастер	Суворов Егор Гордеевич
Савельева 	Олимпиада Данииловна	loginDEfxd2018	uZm+f6	Менеджер по продажам	Савельева Олимпиада Данииловна
Ершова 	Василиса Ярославовна	loginDEfiy2018	nBm{qt	Директор	Ершова Василиса Ярославовна
Антонов 	Андрей Георгьевич	loginDEnxj2018	Y+Yif+	Директор	Антонов Андрей Георгьевич
Ефимова 	Ираида Митрофановна	loginDEcbu2018	zLj0GQ	Менеджер по закупкам	Ефимова Ираида Митрофановна
Субботин 	Максим Георгьевич	loginDExbv2018	71t|e{	Менеджер по закупкам	Субботин Максим Георгьевич
Тетерин 	Христофор Степанович	loginDEwcj2018	AMXhqA	Мастер	Тетерин Христофор Степанович
Абрамов 	Игорь Семёнович	loginDEsmd2018	ZWSZHe	Заказчик	Абрамов Игорь Семёнович
Казаков 	Онисим Анатольевич	loginDEtug2018	b{7&Zf	Заказчик	Казаков Онисим Анатольевич
Нестеров 	Андрей Даниилович	loginDEcsu2018	HOFZa6	Заказчик	Нестеров Андрей Даниилович
Медведев 	Эдуард Антонович	loginDEfse2018	axoHxw	Менеджер по закупкам	Медведев Эдуард Антонович
Логинова 	Элеонора Дмитрьевна	loginDEgcl2018	swu*ZT	Директор	Логинова Элеонора Дмитрьевна
Сергеев 	Георгий Кимович	loginDEmzj2018	crY1JZ	Мастер	Сергеев Георгий Кимович
Медведьев 	Федосей Агафонович	loginDEvut2018	Y7Mm*Y	Менеджер по продажам	Медведьев Федосей Агафонович
Ширяева 	Наина Васильевна	loginDEwkn2018	2*lKn+	Заказчик	Ширяева Наина Васильевна
Кузьмина 	Лукия Авдеевна	loginDEbwn2018	rr&WdV	Менеджер по продажам	Кузьмина Лукия Авдеевна
Шестакова 	Иванна Ярославовна	loginDEzgc2018	UHIU&T	Мастер	Шестакова Иванна Ярославовна
Соболев 	Даниил Николаевич	loginDEzta2018	cMVEpF	Заказчик	Соболев Даниил Николаевич
Петрова 	Агафья Константиновна	loginDEsld2018	s1Ndyp	Мастер	Петрова Агафья Константиновна
Кудрявцев 	Евгений Александрович	loginDEvgu2018	m8VeJw	Заказчик	Кудрявцев Евгений Александрович
Хохлов 	Семён Авдеевич	loginDEqbh2018	GZq4nd	Менеджер по продажам	Хохлов Семён Авдеевич
Нестеров 	Анатолий Донатович	loginDEokf2018	X3+RZ0	Менеджер по закупкам	Нестеров Анатолий Донатович
Киселёв 	Анатолий Альвианович	loginDEcbi2018	UrluYp	Менеджер по закупкам	Киселёв Анатолий Альвианович
Нестеров 	Анатолий Павлович	loginDEgza2018	PXAA7c	Директор	Нестеров Анатолий Павлович
Рогов 	Никита Вячеславович	loginDEswq2018	Rm&++t	Заказчик	Рогов Никита Вячеславович
Пестов 	Николай Константинович	loginDEqxo2018	8iqEG*	Менеджер по продажам	Пестов Николай Константинович
Сергеева 	Зоя Пётровна	loginDEguz2018	7wsWd4	Заказчик	Сергеева Зоя Пётровна
Матвиенко 	Фаина Демьяновна	loginDEaro2018	LE}Woo	Менеджер по закупкам	Матвиенко Фаина Демьяновна
Кулаков 	Авдей Донатович	loginDEaea2018	OQ8Kfz	Заказчик	Кулаков Авдей Донатович
Дмитриев 	Владислав Аркадьевич	loginDEzhp2018	16+8Jh	Директор	Дмитриев Владислав Аркадьевич
Шестакова 	Евдокия Авксентьевна	loginDEtzs2018	D9G6j1	Мастер	Шестакова Евдокия Авксентьевна
Блинов 	Мэлор Ильяович	loginDEvem2018	HiD*0c	Менеджер по закупкам	Блинов Мэлор Ильяович
Щукин 	Федосей Павлович	loginDEvzy2018	T5Qaaa	Директор	Щукин Федосей Павлович
Русаков 	Всеволод Игнатьевич	loginDErjn2018	5FMXpr	Мастер	Русаков Всеволод Игнатьевич
Субботина 	Оксана Геннадьевна	loginDEiam2018	b+*n+0	Заказчик	Субботина Оксана Геннадьевна
Дорофеева 	Надежда Богдановна	loginDEyff2018	LB&hR+	Менеджер по продажам	Дорофеева Надежда Богдановна
Щукина 	Надежда Германновна	loginDEykt2018	XQlo|S	Менеджер по закупкам	Щукина Надежда Германновна
Моисеева 	Надежда Протасьевна	loginDEcpb2018	|Be{Wn	Менеджер по продажам	Моисеева Надежда Протасьевна
Козлова 	Мария Валерьяновна	loginDEkww2018	KzFIWJ	Менеджер по продажам	Козлова Мария Валерьяновна
Трофимова 	Наталья Семёновна	loginDEldo2018	oWfgBB	Менеджер по закупкам	Трофимова Наталья Семёновна
Ефремов 	Дамир Яковович	loginDExhi2018	l6eiog	Заказчик	Ефремов Дамир Яковович
Нестерова 	Алина Ростиславовна	loginDEltt2018	vJCz+l	Менеджер по закупкам	Нестерова Алина Ростиславовна
Лазарев 	Святослав Олегович	loginDEaim2018	HdgRJI	Директор	Лазарев Святослав Олегович
Поляков 	 Мэлор Геннадьевич	loginDEndh2018	JUYAwS	Заказчик	Поляков  Мэлор Геннадьевич
Молчанов 	Лукий Митрофанович	loginDEpvn2018	v18sXi	Мастер	Молчанов Лукий Митрофанович
Семёнова 	Алина Эдуардовна	loginDEcxl2018	2ToouN	Менеджер по закупкам	Семёнова Алина Эдуардовна
Николаев 	Руслан Варламович	loginDEclw2018	h5Q{Nx	Заказчик	Николаев Руслан Варламович
Костин 	Андрей Иринеевич	loginDEwik2018	DS{WpL	Менеджер по закупкам	Костин Андрей Иринеевич
Карпов 	Артём Кимович	loginDEjyb2018	om9BwD	Директор	Карпов Артём Кимович
Орехова 	Мария Станиславовна	loginDEndc2018	r3RSO9	Менеджер по закупкам	Орехова Мария Станиславовна
Зуев 	Глеб Игнатьевич	loginDEjhx2018	cQlCrZ	Директор	Зуев Глеб Игнатьевич
Аксёнова 	Нинель Кондратовна	loginDEqjm2018	thu8kK	Мастер	Аксёнова Нинель Кондратовна
Никитин 	Аркадий Дмитрьевич	loginDElag2018	NupBH|	Заказчик	Никитин Аркадий Дмитрьевич
Тетерин 	Ириней Викторович	loginDEsct2018	1j*J8T	Директор	Тетерин Ириней Викторович
Дорофеев 	Александр Авдеевич	loginDEvoe2018	zC6|UG	Директор	Дорофеев Александр Авдеевич
Стрелков 	Борис Альбертович	loginDEklg2018	l9|xfT	Менеджер по закупкам	Стрелков Борис Альбертович
Уваров 	Макар Юрьевич	loginDEpzs2018	AVm+Oj	Менеджер по продажам	Уваров Макар Юрьевич
Андреева 	Ульяна Евгеньевна	loginDEala2018	46+ORY	Менеджер по закупкам	Андреева Ульяна Евгеньевна
Кулагин 	Матвей Якунович	loginDEheo2018	XiJmr9	Директор	Кулагин Матвей Якунович
Ершова 	Элеонора Ивановна	loginDEzyn2018	TSGsPV	Заказчик	Ершова Элеонора Ивановна
Васильев 	Роман Матвеевич	loginDEbir2018	ww9{S1	Менеджер по закупкам	Васильев Роман Матвеевич
Воронцова 	Наина Юрьевна	loginDEhmv2018	KE6+sS	Менеджер по закупкам	Воронцова Наина Юрьевна
Ковалёв 	Аристарх Егорович	loginDEldj2018	kZwuDV	Директор	Ковалёв Аристарх Егорович
Ермаков 	Авдей Валентинович	loginDEqph2018	8OJ1yJ	Мастер	Ермаков Авдей Валентинович
Никонов 	Игорь Мстиславович	loginDEuyn2018	kSOtL9	Заказчик	Никонов Игорь Мстиславович
Князев 	Дамир Валерьевич	loginDEfyh2018	04JQix	Мастер	Князев Дамир Валерьевич
Фокин 	Бронислав Иванович	loginDEcvs2018	H*OqOg	Менеджер по закупкам	Фокин Бронислав Иванович
Сысоев 	Даниил Даниилович	loginDEqok2018	kZ6|yS	Директор	Сысоев Даниил Даниилович
Мельникова 	Оксана Валентиновна	loginDEkvs2018	0GeIOP	Мастер	Мельникова Оксана Валентиновна
Громов 	Богдан Максимович	loginDEytr2018	|vfIq2	Менеджер по закупкам	Громов Богдан Максимович
Фомин 	Владимир Игнатьевич	loginDExid2018	FywuoL	Директор	Фомин Владимир Игнатьевич
Соколова 	Екатерина Руслановна	loginDEzxk2018	}+j40i	Менеджер по закупкам	Соколова Екатерина Руслановна
Лыткина 	Милица Вячеславовна	loginDEjtd2018	ODotUj	Заказчик	Лыткина Милица Вячеславовна
Панов 	Пётр Пётрович	loginDEmyz2018	gKQ4r+	Директор	Панов Пётр Пётрович
Агафонов 	Егор Еремеевич	loginDEuvg2018	}rhenI	Менеджер по продажам	Агафонов Егор Еремеевич
Казаков 	Виктор Аркадьевич	loginDEajx2018	TaE4Dg	Менеджер по продажам	Казаков Виктор Аркадьевич
Дроздов 	Борис Мэлорович	loginDEigl2018	L2J*KI	Директор	Дроздов Борис Мэлорович
Игнатьев 	Авксентий Германович	loginDEoxo2018	f}*V{M	Менеджер по продажам	Игнатьев Авксентий Германович
Медведьев 	Николай Мстиславович	loginDEvhm2018	DT}WrU	Менеджер по продажам	Медведьев Николай Мстиславович
Медведева 	Ирина Валентиновна	loginDEvys2018	CxXb+r	Мастер	Медведева Ирина Валентиновна
Никонов 	Виктор Русланович	loginDEpjw2018	T*wJeK	Менеджер по продажам	Никонов Виктор Русланович
Коновалов 	Владлен Юрьевич	loginDElxp2018	vKdJGk	Менеджер по закупкам	Коновалов Владлен Юрьевич
Алексеев 	Виктор Васильевич	loginDExfm2018	mh6|JS	Директор	Алексеев Виктор Васильевич
Суворова 	Алина Антоновна	loginDEcxr2018	HCt|N1	Мастер	Суворова Алина Антоновна
Жуков 	Игнатий Семёнович	loginDEuqk2018	3vE*Fb	Мастер	Жуков Игнатий Семёнович
Терентьева 	Анна Дамировна	loginDExeb2018	Oa}fkk	Заказчик	Терентьева Анна Дамировна
Беспалов 	Григорий Христофорович	loginDEmri2018	s*YXSm	Мастер	Беспалов Григорий Христофорович
Ермакова 	Лидия Григорьевна	loginDEvmr2018	t6aouh	Менеджер по закупкам	Ермакова Лидия Григорьевна
Стрелкова 	Лариса Варламовна	loginDEtyn2018	8qte+l	Менеджер по продажам	Стрелкова Лариса Варламовна
Костина 	Юлия Дмитрьевна	loginDEqqw2018	qlJ6vk	Менеджер по закупкам	Костина Юлия Дмитрьевна
Шарапова 	Марина Павловна	loginDEkjs2018	A8K6dL	Заказчик	Шарапова Марина Павловна
Евдокимов 	Геннадий Макарович	loginDEvmb2018	TY5Gd5	Директор	Евдокимов Геннадий Макарович
Моисеев 	Лукьян Вадимович	loginDErbm2018	D6SSd+	Заказчик	Моисеев Лукьян Вадимович
Якушева 	Лукия Васильевна	loginDEoez2018	j7qgHy	Мастер	Якушева Лукия Васильевна
Меркушев 	Альберт Яковович	loginDEvij2018	7hn2va	Менеджер по закупкам	Меркушев Альберт Яковович
Вишнякова 	Ирина Агафоновна	loginDEjgh2018	7w4c6u	Заказчик	Вишнякова Ирина Агафоновна
Медведева 	Валентина Никитевна	loginDEsrr2018	0fO0YH	Менеджер по закупкам	Медведева Валентина Никитевна
Кудрявцев 	Дамир Эдуардович	loginDEocb2018	6oLNd{	Директор	Кудрявцев Дамир Эдуардович
Беляков 	Владислав Богданович	loginDEpmv2018	kjE3El	Заказчик	Беляков Владислав Богданович
Мамонтова 	Ия Лукьяновна	loginDEjov2018	zS&ClK	Менеджер по продажам	Мамонтова Ия Лукьяновна
Цветкова 	Алина Улебовна	loginDEafs2018	Wiw0VR	Директор	Цветкова Алина Улебовна
Максимов 	Донат Игнатьевич	loginDEiky2018	G&fF7n	Заказчик	Максимов Донат Игнатьевич
Беспалова 	Надежда Владимировна	loginDEoyu2018	}*E9Se	Менеджер по закупкам	Беспалова Надежда Владимировна
Воробьёва 	Евпраксия Ильяовна	loginDEcpi2018	8lSh*o	Менеджер по закупкам	Воробьёва Евпраксия Ильяовна
Миронова 	Глафира Сергеевна	loginDEjqp2018	zTKmDa	Заказчик	Миронова Глафира Сергеевна
Тимофеев 	Фёдор Валентинович	loginDEhnh2018	m0WYQH	Директор	Тимофеев Фёдор Валентинович
Ефимова 	Дарья Всеволодовна	loginDEuvi2018	U0W&Z&	Менеджер по продажам	Ефимова Дарья Всеволодовна
Семёнова 	Марина Юрьевна	loginDEuug2018	aHl3qb	Менеджер по продажам	Семёнова Марина Юрьевна
Смирнов 	Мэлор Кондратович	loginDErmf2018	U4jeNa	Мастер	Смирнов Мэлор Кондратович
Пономарёв 	Владлен Протасьевич	loginDEhnt2018	3X5|Jy	Директор	Пономарёв Владлен Протасьевич
Вишняков 	Никита Семёнович	loginDEuvr2018	wu8lYK	Заказчик	Вишняков Никита Семёнович
Ларионова 	Антонина Игнатьевна	loginDEpsb2018	{O|F*N	Мастер	Ларионова Антонина Игнатьевна
Пономарёв 	Христофор Русланович	loginDEher2018	cTlCHC	Мастер	Пономарёв Христофор Русланович
Воронова 	Алла Юлиановна	loginDEyzh2018	8m6+}r	Заказчик	Воронова Алла Юлиановна
Сергеева 	Таисия Альвиановна	loginDElvm2018	elWeXR	Заказчик	Сергеева Таисия Альвиановна
Смирнов 	Евсей Сергеевич	loginDEron2018	ywlASa	Менеджер по продажам	Смирнов Евсей Сергеевич
Данилова 	Ангелина Аркадьевна	loginDEbzh2018	ysac1M	Заказчик	Данилова Ангелина Аркадьевна
Лобанова 	Галина Демьяновна	loginDEnmc2018	X40l}h	Мастер	Лобанова Галина Демьяновна
Горшкова 	Евгения Васильевна	loginDEypj2018	2*3jan	Мастер	Горшкова Евгения Васильевна
Зайцева 	Октябрина Станиславовна	loginDEwvg2018	XcZ4xF	Директор	Зайцева Октябрина Станиславовна
Шарапова 	Глафира Мстиславовна	loginDElqo2018	TiSXX{	Менеджер по продажам	Шарапова Глафира Мстиславовна
Кулагин 	Мстислав Пётрович	loginDErhy2018	yQl65Q	Мастер	Кулагин Мстислав Пётрович
Сорокин 	Сергей Олегович	loginDEoqc2018	*Cm6gW	Менеджер по продажам	Сорокин Сергей Олегович
Кондратьев 	Альвиан Протасьевич	loginDEskh2018	X{x9ae	Директор	Кондратьев Альвиан Протасьевич
Сысоев 	Анатолий Арсеньевич	loginDEvkg2018	tzCLIX	Мастер	Сысоев Анатолий Арсеньевич
Иванов 	Антон Степанович	loginDEpnq2018	D69F&h	Заказчик	Иванов Антон Степанович
Попов 	Илья Филатович	loginDEyza2018	CsA9|P	Менеджер по продажам	Попов Илья Филатович
Захарова 	Маргарита Авксентьевна	loginDEiai2018	OPjijt	Менеджер по продажам	Захарова Маргарита Авксентьевна
Моисеев 	Лукий Борисович	loginDEbsc2018	myJPKm	Заказчик	Моисеев Лукий Борисович
Одинцов 	Никита Игоревич	loginDExsn2018	lY3vnH	Директор	Одинцов Никита Игоревич
Игнатов 	Демьян Матвеевич	loginDEnnv2018	rITdxe	Мастер	Игнатов Демьян Матвеевич
Щербакова 	Октябрина Евгеньевна	loginDEqwh2018	yBJ1BR	Менеджер по закупкам	Щербакова Октябрина Евгеньевна
Баранов 	Андрей Евсеевич	loginDEqdb2018	&S*k|o	Менеджер по продажам	Баранов Андрей Евсеевич
Самойлов 	Агафон Юлианович	loginDExdk2018	qZhYRF	Менеджер по продажам	Самойлов Агафон Юлианович
Кабанова 	Таисия Донатовна	loginDEgwd2018	AVPVNQ	Заказчик	Кабанова Таисия Донатовна
Евсеева 	Тамара Эдуардовна	loginDExvb2018	QC7KQ0	Менеджер по продажам	Евсеева Тамара Эдуардовна
Лапина 	Фёкла Мстиславовна	loginDEdhh2018	WpZhYf	Заказчик	Лапина Фёкла Мстиславовна
Дроздов 	Владислав Эдуардович	loginDErhx2018	iCAe1v	Директор	Дроздов Владислав Эдуардович
Орехова 	Ираида Николаевна	loginDEenm2018	2s1Lxh	Мастер	Орехова Ираида Николаевна
Брагина 	Анастасия Кимовна	loginDEwqd2018	MF2TkC	Заказчик	Брагина Анастасия Кимовна
Большаков 	Лаврентий Валерьевич	loginDEwom2018	fU+Q0O	Директор	Большаков Лаврентий Валерьевич
Меркушева 	Евдокия Кимовна	loginDEngr2018	#ИМЯ?	Менеджер по продажам	Меркушева Евдокия Кимовна
Быкова 	Надежда Авксентьевна	loginDEjpa2018	cagBg7	Мастер	Быкова Надежда Авксентьевна
Бурова 	Екатерина Ефимовна	loginDEpgx2018	c**OJQ	Заказчик	Бурова Екатерина Ефимовна
Беспалов 	Михаил Фёдорович	loginDEnng2018	E{1p}t	Заказчик	Беспалов Михаил Фёдорович
Марков 	Вячеслав Владимирович	loginDEtmh2018	ZQ2*|q	Мастер	Марков Вячеслав Владимирович
Дорофеева 	Марина Никитевна	loginDEcbm2018	puJ4i1	Мастер	Дорофеева Марина Никитевна
Блохин 	Парфений Владленович	loginDEfae2018	pa&d4a	Директор	Блохин Парфений Владленович
Самсонов 	Альвиан Игнатьевич	loginDEqzo2018	Gy3lzx	Менеджер по продажам	Самсонов Альвиан Игнатьевич
Орехова 	Наина Кондратовна	loginDEcan2018	SZKNx{	Мастер	Орехова Наина Кондратовна
Борисов 	Геннадий Вячеславович	loginDEobl2018	K+rV}b	Мастер	Борисов Геннадий Вячеславович
Афанасьев 	Владлен Евгеньевич	loginDEeyg2018	TOcMjG	Заказчик	Афанасьев Владлен Евгеньевич
Колобова 	Алина Парфеньевна	loginDEdld2018	6OKEWQ	Заказчик	Колобова Алина Парфеньевна
Туров 	Христофор Филатович	loginDErvs2018	V7Rly7	Менеджер по закупкам	Туров Христофор Филатович
Мартынов 	Олег Олегович	loginDEpux2018	NrtA{k	Менеджер по продажам	Мартынов Олег Олегович
Давыдова 	Елена Георгьевна	loginDEgwm2018	S2JKft	Заказчик	Давыдова Елена Георгьевна
Лапин 	Павел Макарович	loginDEecp2018	iOJ*u2	Директор	Лапин Павел Макарович
Громова 	Ульяна Егоровна	loginDEvbv2018	4X6wL5	Директор	Громова Ульяна Егоровна
Нестерова 	Нина Юрьевна	loginDErxe2018	0egZd8	Заказчик	Нестерова Нина Юрьевна
Захаров 	Фёдор Викторович	loginDEart2018	hnNvJ6	Менеджер по закупкам	Захаров Фёдор Викторович
Артемьева 	Вероника Улебовна	loginDEqwf2018	YD3ird	Заказчик	Артемьева Вероника Улебовна
Зайцев 	Аристарх Егорович	loginDEszy2018	nq+dxM	Менеджер по продажам	Зайцев Аристарх Егорович
Галкин 	Авксентий Ильяович	loginDEbvt2018	dQdmQF	Директор	Галкин Авксентий Ильяович
Матвеев 	Павел Еремеевич	loginDEkws2018	fZj28G	Мастер	Матвеев Павел Еремеевич
 Ершов 	Федосей Геласьевич	loginDEizo2018	0wQJ2L	Заказчик	 Ершов Федосей Геласьевич
Гущина 	Нонна Ефимовна	loginDEnnf2018	z|t5P{	Менеджер по закупкам	Гущина Нонна Ефимовна
Матвеев 	Яков Христофорович	loginDEcpv2018	|titk+	Директор	Матвеев Яков Христофорович
Рожкова 	Пелагея Геннадьевна	loginDEnsx2018	czRSi3	Мастер	Рожкова Пелагея Геннадьевна
Щербакова 	Агата Матвеевна	loginDEazz2018	uhLV9n	Менеджер по закупкам	Щербакова Агата Матвеевна
Александрова 	Иванна Лаврентьевна	loginDEjkw2018	8I8Yk1	Заказчик	Александрова Иванна Лаврентьевна
Моисеев 	Фёдор Мэлсович	loginDEtri2018	0VC{f|	Менеджер по продажам	Моисеев Фёдор Мэлсович
Трофимов 	Ярослав Валентинович	loginDEdlw2018	4tyo1M	Заказчик	Трофимов Ярослав Валентинович
Кондратьев 	Аркадий Михаилович	loginDEght2018	E3k7zP	Заказчик	Кондратьев Аркадий Михаилович
Мартынов 	Матвей Антонович	loginDEhzq2018	QhSJos	Заказчик	Мартынов Матвей Антонович
Лыткин 	Сергей Агафонович	loginDEwia2018	qVG5zl	Директор	Лыткин Сергей Агафонович
Тимофеев 	Федот Германнович	loginDEwmh2018	YTtWqJ	Менеджер по продажам	Тимофеев Федот Германнович
Евсеева 	Ксения Георгьевна	loginDEndq2018	cv7LdO	Менеджер по продажам	Евсеева Ксения Георгьевна
Гришина 	Глафира Мэлсовна	loginDErid2018	vMG+ko	Менеджер по продажам	Гришина Глафира Мэлсовна
Фёдоров 	Аркадий Николаевич	loginDExxh2018	UgbzHK	Заказчик	Фёдоров Аркадий Николаевич
Гурьев 	Пётр Федотович	loginDEwoz2018	vAuXEx	Мастер	Гурьев Пётр Федотович
Марков 	Александр Созонович	loginDEdjc2018	x*slLs	Менеджер по закупкам	Марков Александр Созонович
Попов 	Фрол Серапионович	loginDEgzq2018	FwZalk	Мастер	Попов Фрол Серапионович
Жуков 	Тихон Германович	loginDEefa2018	O6TkFS	Мастер	Жуков Тихон Германович
Самсонова 	Феврония Арсеньевна	loginDEcdn2018	1MtIz}	Мастер	Самсонова Феврония Арсеньевна
Попова 	Татьяна Артёмовна	loginDEgwc2018	zWQpyU	Директор	Попова Татьяна Артёмовна
Богданов 	Егор Андреевич	loginDEefc2018	Zaj{+Y	Заказчик	Богданов Егор Андреевич
Третьяков 	Аристарх Геннадьевич	loginDEjef2018	J+F{R1	Заказчик	Третьяков Аристарх Геннадьевич
Вишнякова 	Людмила Евгеньевна	loginDEpib2018	VeJY8o	Менеджер по закупкам	Вишнякова Людмила Евгеньевна
Горшкова 	Полина Якововна	loginDEekp2018	wvC|+L	Мастер	Горшкова Полина Якововна
Соболева 	Валентина Созоновна	loginDEjzb2018	lRjz+1	Заказчик	Соболева Валентина Созоновна
Ковалёва 	Феврония Всеволодовна	loginDEdqb2018	w+Sx*+	Заказчик	Ковалёва Феврония Всеволодовна
Иван 	Викторовна	loginDEptn2018	NXXNVO	Менеджер по закупкам	Иван Викторовна
Евсеев 	Денис Борисович	loginDEcna2018	c4RbaU	Менеджер по продажам	Евсеев Денис Борисович
Степанов 	Виталий Лукьевич	loginDEdrj2018	eD*hjv	Заказчик	Степанов Виталий Лукьевич
Никифоров 	Всеволод Иванович	loginDEjrm2018	Cpb+Im	Заказчик	Никифоров Всеволод Иванович
Воронов 	Донат Никитевич	loginDEpxl2018	P6h4Jq	Директор	Воронов Донат Никитевич
Игнатьева 	Евгения Валентиновна	loginDEwgk2018	&mfI9l	Мастер	Игнатьева Евгения Валентиновна
Буров 	Федот Егорович	loginDEpou2018	gX3f5Z	Директор	Буров Федот Егорович
Иван 	Семёновна	loginDEjwl2018	D4ZYHt	Менеджер по продажам	Иван Семёновна
Денисов 	Дамир Филатович	loginDEabf2018	*Tasm+	Мастер	Денисов Дамир Филатович
Ершов 	Максим Геласьевич	loginDEwjm2018	k}DJKo	Мастер	Ершов Максим Геласьевич
Копылов 	Куприян Пётрович	loginDEjvz2018	&|bGTy	Менеджер по продажам	Копылов Куприян Пётрович
Носов 	Валерьян Дмитрьевич	loginDEuyv2018	8hhrZ}	Менеджер по закупкам	Носов Валерьян Дмитрьевич
Силин 	Игорь Авдеевич	loginDExdm2018	DH68L9	Директор	Силин Игорь Авдеевич
Дроздова 	Александра Мартыновна	loginDEeiv2018	H*BxlS	Менеджер по закупкам	Дроздова Александра Мартыновна
Дроздов 	Аркадий Геласьевич	loginDEfuc2018	VuM+QT	Мастер	Дроздов Аркадий Геласьевич
Боброва 	Варвара Евсеевна	loginDEoot2018	usi{aT	Менеджер по закупкам	Боброва Варвара Евсеевна
Чернова 	Агата Данииловна	loginDElhk2018	Okk0jY	Менеджер по закупкам	Чернова Агата Данииловна
Лыткина 	Ульяна Станиславовна	loginDEazg2018	s3bb|V	Мастер	Лыткина Ульяна Станиславовна
Лаврентьев 	Леонид Игнатьевич	loginDEaba2018	#ИМЯ?	Директор	Лаврентьев Леонид Игнатьевич
Кулаков 	Юрий Владленович	loginDEtco2018	tTKDJB	Мастер	Кулаков Юрий Владленович
Соловьёв 	Андрей Александрович	loginDEsyq2018	2QbpBN	Менеджер по продажам	Соловьёв Андрей Александрович
Корнилова 	Марфа Макаровна	loginDEpxi2018	+5X&hy	Заказчик	Корнилова Марфа Макаровна
Белоусова 	Любовь Георгьевна	loginDEicr2018	3+|Sn{	Заказчик	Белоусова Любовь Георгьевна
Анисимов 	Никита Гордеевич	loginDEcui2018	Zi1Tth	Менеджер по закупкам	Анисимов Никита Гордеевич
Стрелкова 	Фаина Федосеевна	loginDEpxc2018	G+nFsv	Заказчик	Стрелкова Фаина Федосеевна
Осипов 	Евгений Иванович	loginDEqrd2018	sApUbt	Директор	Осипов Евгений Иванович
Владимирова 	Иванна Павловна	loginDEsso2018	#ИМЯ?	Менеджер по закупкам	Владимирова Иванна Павловна
Кудрявцева 	Жанна Демьяновна	loginDErsy2018	{Aa6nS	Менеджер по продажам	Кудрявцева Жанна Демьяновна
Матвиенко 	Яков Брониславович	loginDEvpz2018	mS0UxK	Менеджер по продажам	Матвиенко Яков Брониславович
Селезнёв 	Егор Артёмович	loginDEfog2018	glICay	Мастер	Селезнёв Егор Артёмович
Брагин 	Куприян Митрофанович	loginDEpii2018	Ob}RZB	Заказчик	Брагин Куприян Митрофанович
Гордеев 	Виктор Эдуардович	loginDEhyk2018	*gN}Tc	Директор	Гордеев Виктор Эдуардович
Мартынов 	Онисим Брониславович	loginDEdxi2018	ywLUbA	Менеджер по продажам	Мартынов Онисим Брониславович
Никонова 	Евгения Павловна	loginDEzro2018	B24s6o	Менеджер по закупкам	Никонова Евгения Павловна
Полякова 	Анна Денисовна	loginDEuxg2018	K8jui7	Заказчик	Полякова Анна Денисовна
Макарова 	Пелагея Антониновна	loginDEllw2018	jNtNUr	Мастер	Макарова Пелагея Антониновна
Андреева 	Анна Вячеславовна	loginDEddg2018	gGGhvD	Директор	Андреева Анна Вячеславовна
Кудрявцева 	Кира Ефимовна	loginDEpdz2018	#ИМЯ?	Заказчик	Кудрявцева Кира Ефимовна
Шилова 	Кира Егоровна	loginDEyiw2018	cnj3QR	Менеджер по продажам	Шилова Кира Егоровна
Ситников 	Игорь Борисович	loginDEqup2018	95AU|R	Директор	Ситников Игорь Борисович
Русаков 	Борис Христофорович	loginDExil2018	w+++Ht	Директор	Русаков Борис Христофорович
Капустина 	Ульяна Игоревна	loginDEkuv2018	Ade++|	Менеджер по закупкам	Капустина Ульяна Игоревна
Беляков 	Семён Германнович	loginDEmox2018	Je}9e7	Менеджер по продажам	Беляков Семён Германнович
Гурьев 	Ириней Игнатьевич	loginDEvug2018	lEa{Cn	Заказчик	Гурьев Ириней Игнатьевич
Мишин 	Христофор Леонидович	loginDEzre2018	N*VX+G	Заказчик	Мишин Христофор Леонидович
Лазарева 	Антонина Христофоровна	loginDEbes2018	NaVtyH	Менеджер по закупкам	Лазарева Антонина Христофоровна
Маркова 	Ираида Сергеевна	loginDEkfg2018	r1060q	Заказчик	Маркова Ираида Сергеевна
Носкова 	Пелагея Валерьевна	loginDEyek2018	KY2BL4	Заказчик	Носкова Пелагея Валерьевна
Баранов 	Станислав Дмитрьевич	loginDEloq2018	NZV5WR	Директор	Баранов Станислав Дмитрьевич
Ефремов 	Демьян Артёмович	loginDEjfb2018	TNT+}h	Менеджер по продажам	Ефремов Демьян Артёмович
Константинов 	Всеволод Мэлсович	loginDEueq2018	GqAUZ6	Менеджер по закупкам	Константинов Всеволод Мэлсович
Ситникова 	Ираида Андреевна	loginDEpqz2018	F0Bp7F	Менеджер по продажам	Ситникова Ираида Андреевна
Матвеев 	Кондрат Иванович	loginDEovk2018	JyJM{A	Директор	Матвеев Кондрат Иванович
Носков 	Альвиан Онисимович	loginDEhej2018	K9Z5Vp	Директор	Носков Альвиан Онисимович
Степанова 	Любовь Мэлсовна	loginDEqrj2018	PC2nrX	Менеджер по закупкам	Степанова Любовь Мэлсовна
Кононов 	Авдей Протасьевич	loginDEqca2018	hLEkgV	Заказчик	Кононов Авдей Протасьевич
Ларионов 	Макар Якунович	loginDElme2018	|wu0n4	Менеджер по закупкам	Ларионов Макар Якунович
Пахомова 	Эмилия Геласьевна	loginDEfnf2018	6cftrw	Мастер	Пахомова Эмилия Геласьевна
Сысоев 	Виктор Варламович	loginDEpbt2018	}}vuSH	Директор	Сысоев Виктор Варламович
Денисова 	Ия Филатовна	loginDEhdc2018	iF+GK&	Мастер	Денисова Ия Филатовна
Лобанова 	Акулина Игоревна	loginDEcox2018	y+vRV{	Менеджер по закупкам	Лобанова Акулина Игоревна
Жуков 	Максим Николаевич	loginDEsds2018	SxMndn	Директор	Жуков Максим Николаевич
Александрова 	Анжелика Евгеньевна	loginDEbye2018	sHjuzU	Менеджер по продажам	Александрова Анжелика Евгеньевна
Коновалов 	Игнатий Юлианович	loginDEakk2018	f5aZnV	Менеджер по продажам	Коновалов Игнатий Юлианович
Михайлов 	Ростислав Вадимович	loginDEmrf2018	uEB&n4	Директор	Михайлов Ростислав Вадимович
Шаров 	Герман Митрофанович	loginDEyje2018	zxEUoz	Менеджер по продажам	Шаров Герман Митрофанович
Воронцова 	Нонна Дмитрьевна	loginDEhqg2018	0Z4{o3	Менеджер по продажам	Воронцова Нонна Дмитрьевна
Хохлова 	Мария Тихоновна	loginDExyv2018	wSMsO2	Директор	Хохлова Мария Тихоновна
Уваров 	Федосей Донатович	loginDEwoq2018	0RQ1nZ	Менеджер по закупкам	Уваров Федосей Донатович
Андреева 	Нина Михаиловна	loginDEkbf2018	mBqfYS	Директор	Андреева Нина Михаиловна
Новиков 	Николай Мэлсович	loginDEwtx2018	Ig3rQJ	Заказчик	Новиков Николай Мэлсович
Жданова 	Анна Еремеевна	loginDEhio2018	3Aaqne	Менеджер по продажам	Жданова Анна Еремеевна
Егорова 	Фёкла Кондратовна	loginDEome2018	hAOrBa	Менеджер по продажам	Егорова Фёкла Кондратовна
Зиновьев 	Лукий Владимирович	loginDEflj2018	alo84u	Заказчик	Зиновьев Лукий Владимирович
Пахомов 	Протасий Артёмович	loginDEnei2018	M2pIA8	Заказчик	Пахомов Протасий Артёмович
Рожков 	Дамир Ростиславович	loginDEzbo2018	8km&kZ	Менеджер по закупкам	Рожков Дамир Ростиславович
Наумова 	Лариса Антоновна	loginDEsdu2018	}MbQZe	Менеджер по продажам	Наумова Лариса Антоновна
Кузьмин 	Максим Антонинович	loginDEklp2018	kecK{O	Менеджер по закупкам	Кузьмин Максим Антонинович
Беспалов 	Демьян Алексеевич	loginDEzdc2018	Zf8mx0	Заказчик	Беспалов Демьян Алексеевич
Суханов 	Мартын Глебович	loginDEkzp2018	G*n9OB	Директор	Суханов Мартын Глебович
Сергеев 	Никита Валентинович	loginDEdqe2018	Gzy&A6	Менеджер по закупкам	Сергеев Никита Валентинович
Пахомова 	Тамара Владиславовна	loginDElmm2018	dbX7VE	Мастер	Пахомова Тамара Владиславовна
Герасимов 	Демьян Никитевич	loginDEnhf2018	PlKjdc	Заказчик	Герасимов Демьян Никитевич
Гришина 	Феврония Егоровна	loginDEcrj2018	FI&nQq	Мастер	Гришина Феврония Егоровна
Козлова 	Вера Георгьевна	loginDExhd2018	8sE1Q5	Директор	Козлова Вера Георгьевна
Лазарева 	Мария Сергеевна	loginDEgcs2018	hNDB+t	Заказчик	Лазарева Мария Сергеевна
Медведьев 	Василий Варламович	loginDEmub2018	RDXGd1	Заказчик	Медведьев Василий Варламович
Орлов 	Виктор Павлович	loginDEqms2018	|uq7Lb	Менеджер по продажам	Орлов Виктор Павлович
Журавлёв 	Агафон Мэлсович	loginDEvqe2018	wJzfcY	Директор	Журавлёв Агафон Мэлсович
Тимофеев 	Мартын Еремеевич	loginDEupi2018	WNX1|z	Директор	Тимофеев Мартын Еремеевич
Ларионов 	Мартын Геласьевич	loginDEwka2018	y}vBjg	Директор	Ларионов Мартын Геласьевич
Белозёров 	Андрей Николаевич	loginDEkkb2018	#ИМЯ?	Директор	Белозёров Андрей Николаевич
Пономарёв 	Дмитрий Гордеевич	loginDEeni2018	mpWg+d	Менеджер по закупкам	Пономарёв Дмитрий Гордеевич
Белозёрова 	Юлия Ростиславовна	loginDEset2018	CTN+IM	Директор	Белозёрова Юлия Ростиславовна
Щербаков 	Александр Федотович	loginDEmii2018	B84UwV	Менеджер по закупкам	Щербаков Александр Федотович
Артемьев 	Даниил Филатович	loginDEikh2018	3yKW4y	Заказчик	Артемьев Даниил Филатович
Зиновьев 	Дамир Ефимович	loginDEaqv2018	nl0D9i	Мастер	Зиновьев Дамир Ефимович
Туров 	Лукий Альбертович	loginDErgc2018	Hr9YpQ	Директор	Туров Лукий Альбертович
Смирнова 	Мария Иринеевна	loginDEntg2018	pVmHC0	Менеджер по закупкам	Смирнова Мария Иринеевна
Крюкова 	Октябрина Геннадьевна	loginDEbuk2018	gLK7UQ	Менеджер по закупкам	Крюкова Октябрина Геннадьевна
Медведева 	Мария Антониновна	loginDEsib2018	pM3n0J	Менеджер по продажам	Медведева Мария Антониновна
Назаров 	Степан Макарович	loginDEmqs2018	KRp6IW	Менеджер по продажам	Назаров Степан Макарович
Николаева 	Василиса Всеволодовна	loginDEljn2018	368eRp	Директор	Николаева Василиса Всеволодовна
Ефремов 	Сергей Пантелеймонович	loginDEppn2018	6}i+FD	Мастер	Ефремов Сергей Пантелеймонович
Родионова 	Тамара Валентиновна	loginDElqb2018	RNynil	Мастер	Родионова Тамара Валентиновна
Миронова 	Галина Улебовна	loginDEydn2018	34I}X9	Менеджер по закупкам	Миронова Галина Улебовна
Сидоров 	Роман Иринеевич	loginDEijg2018	4QlKJW	Менеджер по продажам	Сидоров Роман Иринеевич
Ситников 	Парфений Всеволодович	loginDEdpy2018	MJ0W|f	Менеджер по продажам	Ситников Парфений Всеволодович
Никонов 	Роман Геласьевич	loginDEwdm2018	&PynqU	Менеджер по продажам	Никонов Роман Геласьевич
Щербаков 	Владимир Матвеевич	loginDEdup2018	JM+2{s	Мастер	Щербаков Владимир Матвеевич
Кулаков 	Мартын Михаилович	loginDEhbm2018	9aObu4	Менеджер по закупкам	Кулаков Мартын Михаилович
Сазонова 	Оксана Лаврентьевна	loginDExvq2018	hX0wJz	Директор	Сазонова Оксана Лаврентьевна
Архипов 	Варлам Мэлорович	loginDErks2018	LQNSjo	Менеджер по продажам	Архипов Варлам Мэлорович
Устинова 	Ираида Мэлоровна	loginDErvb2018	ceAf&R	Директор	Устинова Ираида Мэлоровна
Лукин 	Георгий Альбертович	loginDEulo2018	#ИМЯ?	Директор	Лукин Георгий Альбертович
Кононов 	Эдуард Валентинович	loginDEgfw2018	3c2Ic1	Заказчик	Кононов Эдуард Валентинович
Орехова 	Клавдия Альбертовна	loginDEmxb2018	ZPXcRS	Менеджер по закупкам	Орехова Клавдия Альбертовна
Яковлев 	Яков Эдуардович	loginDEgeq2018	&&Eim0	Менеджер по закупкам	Яковлев Яков Эдуардович
Воронов 	Мэлс Семёнович	loginDEkhj2018	Pbc0t{	Мастер	Воронов Мэлс Семёнович
Вишнякова 	Ия Данииловна	loginDEliu2018	32FyTl	Мастер	Вишнякова Ия Данииловна
Третьяков 	Фёдор Вадимович	loginDEsmf2018	{{O2QG	Заказчик	Третьяков Фёдор Вадимович
Макаров 	Максим Ильяович	loginDEutd2018	GbcJvC	Менеджер по закупкам	Макаров Максим Ильяович
Шубина 	Маргарита Анатольевна	loginDEpgh2018	YV2lvh	Менеджер по продажам	Шубина Маргарита Анатольевна
Блинова 	Ангелина Владленовна	loginDEvop2018	pBP8rO	Менеджер по закупкам	Блинова Ангелина Владленовна
Воробьёв 	Владлен Фролович	loginDEwjo2018	EQaD|d	Мастер	Воробьёв Владлен Фролович
Сорокина 	Прасковья Фёдоровна	loginDEbur2018	aZKGeI	Менеджер по продажам	Сорокина Прасковья Фёдоровна
Давыдов 	Яков Антонович	loginDEszw2018	EGU{YE	Мастер	Давыдов Яков Антонович
Рыбакова 	Евдокия Анатольевна	loginDExsu2018	*2RMsp	Заказчик	Рыбакова Евдокия Анатольевна
Маслов 	Геннадий Фролович	loginDEztn2018	nJBZpU	Мастер	Маслов Геннадий Фролович
Цветкова 	Элеонора Аристарховна	loginDEtmn2018	UObB}N	Мастер	Цветкова Элеонора Аристарховна
Евдокимов 	Ростислав Александрович	loginDEhep2018	SwRicr	Мастер	Евдокимов Ростислав Александрович
Никонова 	Венера Станиславовна	loginDEevr2018	zO5l}l	Мастер	Никонова Венера Станиславовна
Громов 	Егор Антонович	loginDEnpa2018	M*QLjf	Заказчик	Громов Егор Антонович
Суворова 	Валерия Борисовна	loginDEgyt2018	Pav+GP	Директор	Суворова Валерия Борисовна
Мишина 	Елизавета Романовна	loginDEbrr2018	Z7L|+i	Мастер	Мишина Елизавета Романовна
Зимина 	Ольга Аркадьевна	loginDEyoo2018	UG1BjP	Директор	Зимина Ольга Аркадьевна
Игнатьев 	Игнатий Антонинович	loginDEaob2018	3fy+3I	Директор	Игнатьев Игнатий Антонинович
Пахомова 	Зинаида Витальевна	loginDEwtz2018	&GxSST	Заказчик	Пахомова Зинаида Витальевна
Устинов 	Владимир Федосеевич	loginDEctf2018	sjt*3N	Директор	Устинов Владимир Федосеевич
Кулаков 	Мэлор Вячеславович	loginDEipm2018	MAZl6|	Менеджер по продажам	Кулаков Мэлор Вячеславович
Сазонов 	Авксентий Брониславович	loginDEjoi2018	o}C4jv	Мастер	Сазонов Авксентий Брониславович
Бурова 	Наина Брониславовна	loginDEwap2018	4hny7k	Менеджер по продажам	Бурова Наина Брониславовна
Фадеев 	Демьян Федосеевич	loginDEaxm2018	BEc3xq	Мастер	Фадеев Демьян Федосеевич
Бобылёва 	Дарья Якуновна	loginDEsmq2018	ATVmM7	Мастер	Бобылёва Дарья Якуновна
Виноградов 	Созон Арсеньевич	loginDEeur2018	n4V{wP	Мастер	Виноградов Созон Арсеньевич
Гордеев 	Владлен Ефимович	loginDEvke2018	WQLXSl	Мастер	Гордеев Владлен Ефимович
Иванова 	 Зинаида Валерьевна	loginDEvod2018	0EW93v	Менеджер по продажам	Иванова  Зинаида Валерьевна
Гусев 	Руслан Дамирович	loginDEjaw2018	h6z&Ky	Мастер	Гусев Руслан Дамирович
Маслов 	Дмитрий Иванович	loginDEpdp2018	8NvRfC	Менеджер по продажам	Маслов Дмитрий Иванович
Антонова 	Ульяна Семёновна	loginDEjpp2018	oMOQq3	Заказчик	Антонова Ульяна Семёновна
Орехова 	Людмила Владимировна	loginDEkiy2018	BQzsts	Менеджер по закупкам	Орехова Людмила Владимировна
Авдеева 	Жанна Куприяновна	loginDEhmn2018	a|Iz|7	Менеджер по продажам	Авдеева Жанна Куприяновна
Кузнецов 	Фрол Варламович	loginDEfmn2018	cw3|03	Заказчик	Кузнецов Фрол Варламович
Лихачёв 	Онисим Гордеевич	loginDErfg2018	5ovb1N	Мастер	Лихачёв Онисим Гордеевич
Рожков 	Тихон Владиславович	loginDEymi2018	nR0+pI	Директор	Рожков Тихон Владиславович
Павлов 	Максим Фёдорович	loginDEnbi2018	Ed*JQP	Заказчик	Павлов Максим Фёдорович
Шилов 	Матвей Альбертович	loginDEhvg2018	SaHv6w	Директор	Шилов Матвей Альбертович
Шаров 	Федосей Юрьевич	loginDEmbg2018	Fou{d3	Директор	Шаров Федосей Юрьевич
Медведева 	Пелагея Мартыновна	loginDEubq2018	{jzW2v	Менеджер по продажам	Медведева Пелагея Мартыновна
Медведев 	Григорий Агафонович	loginDEosl2018	O3O}we	Менеджер по продажам	Медведев Григорий Агафонович
Соколова 	Марфа Всеволодовна	loginDErog2018	&W4Wtq	Заказчик	Соколова Марфа Всеволодовна
Петухова 	Василиса Еремеевна	loginDEsku2018	fUldqr	Директор	Петухова Василиса Еремеевна
Беспалова 	Галина Дмитрьевна	loginDEatu2018	}nGbhZ	Менеджер по продажам	Беспалова Галина Дмитрьевна
Андреева 	Александра Владиславовна	loginDEhks2018	XV|+W4	Менеджер по продажам	Андреева Александра Владиславовна
Селезнёв 	Федот Валентинович	loginDEzbl2018	ih4xKJ	Менеджер по продажам	Селезнёв Федот Валентинович
Вишняков 	Сергей Иванович	loginDEoxa2018	mL+97r	Заказчик	Вишняков Сергей Иванович
Зимин 	Василий Русланович	loginDEssm2018	oBrTGr	Заказчик	Зимин Василий Русланович
Фадеева 	Регина Онисимовна	loginDEzxw2018	pX&AsH	Мастер	Фадеева Регина Онисимовна
Артемьев 	Варлам Альбертович	loginDEkzo2018	n3es*S	Директор	Артемьев Варлам Альбертович
Щербаков 	Лукий Онисимович	loginDEdaq2018	dWsvBS	Заказчик	Щербаков Лукий Онисимович
Горбунов 	Матвей Сергеевич	loginDEnjd2018	0&3HHn	Заказчик	Горбунов Матвей Сергеевич
Зиновьева 	Варвара Антоновна	loginDEluw2018	S3wj{I	Менеджер по продажам	Зиновьева Варвара Антоновна
Фролов 	Юрий Варламович	loginDEole2018	p+kvb6	Менеджер по закупкам	Фролов Юрий Варламович
Ларионова 	Василиса Владимировна	loginDEebl2018	#ИМЯ?	Директор	Ларионова Василиса Владимировна
Силин 	Вячеслав Валерьевич	loginDEfug2018	z|6cXV	Заказчик	Силин Вячеслав Валерьевич
Герасимова 	Феврония Валерьяновна	loginDEgfx2018	GFSZAB	Менеджер по закупкам	Герасимова Феврония Валерьяновна
Пономарёва 	Вера Руслановна	loginDEtww2018	4icZTg	Менеджер по закупкам	Пономарёва Вера Руслановна
Медведьев 	Руслан Богданович	loginDElyc2018	#ИМЯ?	Менеджер по продажам	Медведьев Руслан Богданович
Владимиров 	Геласий Пантелеймонович	loginDEcbd2018	GwG*p6	Менеджер по закупкам	Владимиров Геласий Пантелеймонович
Корнилов 	Иван Игоревич	loginDEcay2018	ehtG*H	Менеджер по продажам	Корнилов Иван Игоревич
Иван 	Вячеславовна	loginDEmel2018	8zmoSV	Директор	Иван Вячеславовна
Ермакова 	Зинаида Данииловна	loginDEhqk2018	KBc4A+	Менеджер по закупкам	Ермакова Зинаида Данииловна
Пахомова 	Элеонора Григорьевна	loginDEkny2018	v2+4Ro	Мастер	Пахомова Элеонора Григорьевна
Гущина 	Вера Ефимовна	loginDEmda2018	sG+NF0	Директор	Гущина Вера Ефимовна
Полякова 	Антонина Андреевна	loginDEhhf2018	d+GS5y	Заказчик	Полякова Антонина Андреевна
Зуева 	Марина Ильяовна	loginDEilc2018	eyRufZ	Менеджер по закупкам	Зуева Марина Ильяовна
Агафонов 	Агафон Максимович	loginDEwfv2018	ZSUiGT	Менеджер по закупкам	Агафонов Агафон Максимович
Архипов 	Агафон Игоревич	loginDEozn2018	nndP3Q	Директор	Архипов Агафон Игоревич
Лапина 	Иванна Аристарховна	loginDEbtr2018	FdZrI3	Мастер	Лапина Иванна Аристарховна
Маслова 	Мария Аристарховна	loginDEcuf2018	aOdzYf	Мастер	Маслова Мария Аристарховна
Русаков 	Василий Куприянович	loginDEtye2018	MEJjQt	Менеджер по закупкам	Русаков Василий Куприянович
Николаева 	Евдокия Пётровна	loginDEncq2018	GgG3m0	Менеджер по продажам	Николаева Евдокия Пётровна
Прохоров 	Олег Брониславович	loginDEtmt2018	}FOh*}	Менеджер по продажам	Прохоров Олег Брониславович
Зайцев 	Макар Владленович	loginDEyqb2018	xLmuQq	Менеджер по продажам	Зайцев Макар Владленович
Жданов 	Сергей Гордеевич	loginDExld2018	a8Vjkx	Мастер	Жданов Сергей Гордеевич
Нестеров 	Авдей Митрофанович	loginDEnig2018	Cm00D0	Заказчик	Нестеров Авдей Митрофанович
Григорьева 	Глафира Антоновна	loginDEmly2018	IZJ7O|	Мастер	Григорьева Глафира Антоновна
Зыков 	Геласий Лаврентьевич	loginDElom2018	Yg}k84	Мастер	Зыков Геласий Лаврентьевич
Александрова 	Марфа Протасьевна	loginDEvoa2018	RdGikC	Заказчик	Александрова Марфа Протасьевна
Мухин 	Донат Ростиславович	loginDEwmq2018	ds4KAb	Директор	Мухин Донат Ростиславович
Костин 	Геласий Германнович	loginDEdba2018	D7xF6u	Мастер	Костин Геласий Германнович
Лазарев 	Протасий Игоревич	loginDEnsr2018	VZKTog	Менеджер по продажам	Лазарев Протасий Игоревич
Пестов 	Богдан Германнович	loginDEqsc2018	UU|FkZ	Директор	Пестов Богдан Германнович
Алексеев 	Владислав Аркадьевич	loginDEbct2018	Qg3gff	Заказчик	Алексеев Владислав Аркадьевич
Савельева 	Евфросиния Арсеньевна	loginDEvtg2018	ETMNzL	Директор	Савельева Евфросиния Арсеньевна
Никонов 	Мэлс Лукьевич	loginDEuro2018	a1MIcO	Заказчик	Никонов Мэлс Лукьевич
Горшкова 	Агафья Онисимовна	loginDEpst2018	0CyGnX	Заказчик	Горшкова Агафья Онисимовна
Горбачёв 	Пантелеймон Германович	loginDEpsu2018	Vx9cQ{	Менеджер по закупкам	Горбачёв Пантелеймон Германович
Ершова 	Иванна Максимовна	loginDEzqs2018	qM9p7i	Менеджер по продажам	Ершова Иванна Максимовна
Туров 	Денис Геласьевич	loginDEioe2018	yMPu&2	Менеджер по закупкам	Туров Денис Геласьевич
Носова 	Наина Эдуардовна	loginDEcmk2018	3f+b0+	Директор	Носова Наина Эдуардовна
Куликов 	Андрей Святославович	loginDEfsp2018	&dtlI+	Мастер	Куликов Андрей Святославович
Нестеров 	Агафон Георгьевич	loginDExcd2018	SZXZNL	Мастер	Нестеров Агафон Георгьевич
Козлов 	Геласий Христофорович	loginDEvlf2018	O5mXc2	Менеджер по закупкам	Козлов Геласий Христофорович
Борисова 	Анжелика Анатольевна	loginDEanv2018	Xiq}M3	Директор	Борисова Анжелика Анатольевна
Суханов 	Станислав Фролович	loginDEzde2018	tlO3x&	Менеджер по продажам	Суханов Станислав Фролович
Тетерина 	Феврония Эдуардовна	loginDEriv2018	GJ2mHL	Менеджер по продажам	Тетерина Феврония Эдуардовна
Муравьёва 	Александра Ростиславовна	loginDEhcp2018	n2nfRl	Менеджер по закупкам	Муравьёва Александра Ростиславовна
Новикова 	Лукия Ярославовна	loginDEwjv2018	ZfseKA	Менеджер по продажам	Новикова Лукия Ярославовна
Агафонова 	Лариса Михаиловна	loginDEiry2018	5zu7+}	Менеджер по продажам	Агафонова Лариса Михаиловна
Сергеева 	Агата Юрьевна	loginDEgbr2018	}+Ex1*	Менеджер по закупкам	Сергеева Агата Юрьевна
Колобова 	Елена Евгеньевна	loginDExxv2018	+daE|T	Менеджер по продажам	Колобова Елена Евгеньевна
Ситников 	Николай Филатович	loginDEbto2018	b1iYMI	Заказчик	Ситников Николай Филатович
Белов 	Роман Иринеевич	loginDEfbs2018	v90Rep	Менеджер по закупкам	Белов Роман Иринеевич
Волкова 	Алла Лукьевна	loginDEple2018	WlW+l8	Директор	Волкова Алла Лукьевна
Кудрявцева 	Таисия Игоревна	loginDEhhx2018	hmCHeQ	Менеджер по закупкам	Кудрявцева Таисия Игоревна
Семёнова 	Октябрина Христофоровна	loginDEayn2018	Ka2Fok	Менеджер по закупкам	Семёнова Октябрина Христофоровна
Смирнов 	Сергей Яковович	loginDEwld2018	y9HStF	Менеджер по продажам	Смирнов Сергей Яковович
Брагина 	Алина Валерьевна	loginDEhuu2018	X31OEf	Заказчик	Брагина Алина Валерьевна
Евсеев 	Игорь Донатович	loginDEmjb2018	5mm{ch	Менеджер по закупкам	Евсеев Игорь Донатович
Суворов 	Илья Евсеевич	loginDEdgp2018	1WfJjo	Менеджер по закупкам	Суворов Илья Евсеевич
Котов 	Денис Мартынович	loginDEgyi2018	|7nYPc	Директор	Котов Денис Мартынович
Бобылёва 	Юлия Егоровна	loginDEmvn2018	Mrr9e0	Заказчик	Бобылёва Юлия Егоровна
Брагин 	Бронислав Георгьевич	loginDEfoj2018	nhGc+D	Директор	Брагин Бронислав Георгьевич
Александров 	Владимир Дамирович	loginDEuuo2018	42XmH1	Заказчик	Александров Владимир Дамирович
Фокин 	Ириней Ростиславович	loginDEhsj2018	s+jrMW	Мастер	Фокин Ириней Ростиславович
Воронов 	Митрофан Антонович	loginDEvht2018	zMyS8Z	Заказчик	Воронов Митрофан Антонович
Маслов 	Мстислав Антонинович	loginDEeqo2018	l5CBqA	Мастер	Маслов Мстислав Антонинович
Щербаков 	Георгий Богданович	loginDExrf2018	mhpRIT	Заказчик	Щербаков Георгий Богданович
Кириллова 	Эмилия Федосеевна	loginDEfku2018	a1m+8c	Менеджер по продажам	Кириллова Эмилия Федосеевна
Васильев 	Серапион Макарович	loginDExix2018	hzxtnn	Директор	Васильев Серапион Макарович
Галкина 	Олимпиада Владленовна	loginDEqrf2018	mI8n58	Менеджер по продажам	Галкина Олимпиада Владленовна
Яковлева 	Ксения Онисимовна	loginDEhlk2018	g0jSed	Мастер	Яковлева Ксения Онисимовна
Калашникова 	Александра Владимировна	loginDEwoe2018	yOtw2F	Директор	Калашникова Александра Владимировна
Медведьева 	Таисия Тихоновна	loginDExyu2018	7Fg}9p	Заказчик	Медведьева Таисия Тихоновна
Карпова 	Ольга Лукьевна	loginDEcor2018	2cIrC8	Заказчик	Карпова Ольга Лукьевна
Герасимов 	Мстислав Дамирович	loginDEqon2018	YeFbh6	Менеджер по продажам	Герасимов Мстислав Дамирович
Тимофеева 	Ксения Валерьевна	loginDEyfd2018	8aKdb0	Мастер	Тимофеева Ксения Валерьевна
Горбунов 	Вячеслав Станиславович	loginDEtto2018	qXYDuu	Менеджер по продажам	Горбунов Вячеслав Станиславович
Кошелева 	Кира Владиславовна	loginDEdal2018	cJWXL0	Менеджер по продажам	Кошелева Кира Владиславовна
Панфилова 	Марина Борисовна	loginDEbjs2018	Xap2ct	Менеджер по продажам	Панфилова Марина Борисовна
Кудрявцев 	Матвей Игоревич	loginDEdof2018	kD|LRU	Менеджер по продажам	Кудрявцев Матвей Игоревич
Зуев 	Эдуард Пантелеймонович	loginDEsnh2018	#ИМЯ?	Менеджер по закупкам	Зуев Эдуард Пантелеймонович
Герасимов 	Вячеслав Ростиславович	loginDEftn2018	gPq+a}	Мастер	Герасимов Вячеслав Ростиславович
Суворов 	Всеволод Богданович	loginDEhuv2018	EJFYzS	Менеджер по закупкам	Суворов Всеволод Богданович
Ширяев 	Иван Игоревич	loginDEfhd2018	{4wU7n	Директор	Ширяев Иван Игоревич
Колобова 	Иванна Геннадьевна	loginDEaon2018	&OmaNE	Мастер	Колобова Иванна Геннадьевна
Шестаков 	Антон Константинович	loginDEyat2018	ELSTyH	Менеджер по продажам	Шестаков Антон Константинович
Игнатьев 	Федосей Богданович	loginDEmin2018	pQ6jze	Менеджер по продажам	Игнатьев Федосей Богданович
Горбунов 	Валентин Григорьевич	loginDEzal2018	zbU8R5	Менеджер по продажам	Горбунов Валентин Григорьевич
Терентьева 	Анжела Михаиловна	loginDEemw2018	NxhF5I	Директор	Терентьева Анжела Михаиловна
Мясникова 	Ия Евсеевна	loginDEmqt2018	SIasu5	Мастер	Мясникова Ия Евсеевна
Горбунов 	Григорий Денисович	loginDEpxx2018	Xv{vjN	Менеджер по закупкам	Горбунов Григорий Денисович
Герасимов 	Олег Авксентьевич	loginDEetv2018	lNi&rF	Менеджер по продажам	Герасимов Олег Авксентьевич
Меркушева 	Нинель Матвеевна	loginDEonq2018	mKIIRQ	Заказчик	Меркушева Нинель Матвеевна
Степанов 	Григорий Матвеевич	loginDErhl2018	U}rb9j	Директор	Степанов Григорий Матвеевич
Агафонов 	Владлен Станиславович	loginDEfou2018	O+S9hm	Заказчик	Агафонов Владлен Станиславович
Кузнецов 	Фрол Георгьевич	loginDElno2018	le1vt2	Менеджер по закупкам	Кузнецов Фрол Георгьевич
Игнатьев 	Борис Владиславович	loginDEtbx2018	CQplH|	Менеджер по закупкам	Игнатьев Борис Владиславович
Симонов 	Юрий Созонович	loginDEltw2018	zvjkwE	Директор	Симонов Юрий Созонович
Степанов 	Евсей Федотович	loginDEfuz2018	ILry03	Менеджер по закупкам	Степанов Евсей Федотович
Зыков 	Вячеслав Антонович	loginDEygj2018	7b6PUb	Менеджер по закупкам	Зыков Вячеслав Антонович
Анисимова 	Алина Протасьевна	loginDEwpn2018	9BBkXP	Мастер	Анисимова Алина Протасьевна
Артемьева 	Лариса Макаровна	loginDEyix2018	6zbXg*	Менеджер по закупкам	Артемьева Лариса Макаровна
Мамонтова 	Ия Христофоровна	loginDEtms2018	70Z&Zy	Директор	Мамонтова Ия Христофоровна
Котова 	Светлана Леонидовна	loginDEmgl2018	QJNgD&	Менеджер по продажам	Котова Светлана Леонидовна
Фёдорова 	Алла Брониславовна	loginDEhix2018	ZKnd*0	Мастер	Фёдорова Алла Брониславовна
Гущина 	Анжела Аркадьевна	loginDEwbk2018	iJMh5B	Менеджер по продажам	Гущина Анжела Аркадьевна
Дмитриев 	Григорий Мэлорович	loginDEpwa2018	yn5MLQ	Менеджер по продажам	Дмитриев Григорий Мэлорович
Дроздова 	Фёкла Митрофановна	loginDElrx2018	lbX+dF	Мастер	Дроздова Фёкла Митрофановна
Гаврилов 	Василий Германович	loginDEidx2018	R2j0mn	Менеджер по закупкам	Гаврилов Василий Германович
Суханова 	Фаина Юрьевна	loginDEzmk2018	ZrgBk6	Мастер	Суханова Фаина Юрьевна
Савельев 	Егор Сергеевич	loginDEvje2018	gCU1fd	Мастер	Савельев Егор Сергеевич
Иван 	Васильевна	loginDEwun2018	yy+Qhe	Заказчик	Иван Васильевна
Сазонова 	Клавдия Евгеньевна	loginDEfzq2018	36H8f}	Директор	Сазонова Клавдия Евгеньевна
Шаров 	Григорий Созонович	loginDEwel2018	UU5FTi	Мастер	Шаров Григорий Созонович
Щербаков 	Кондрат Фёдорович	loginDEljg2018	CT44Gc	Мастер	Щербаков Кондрат Фёдорович
Дроздов 	Дмитрий Юлианович	loginDEgsp2018	9ACW}r	Заказчик	Дроздов Дмитрий Юлианович
Молчанов 	Юрий Лукьянович	loginDEjvp2018	etLGcB	Директор	Молчанов Юрий Лукьянович
Тихонов 	Валентин Авдеевич	loginDEapt2018	cwx{RH	Заказчик	Тихонов Валентин Авдеевич
Виноградов 	Юрий Лукьевич	loginDEilb2018	IN2Ahc	Менеджер по продажам	Виноградов Юрий Лукьевич
Горбунова 	Нинель Сергеевна	loginDErch2018	|&DFy+	Мастер	Горбунова Нинель Сергеевна
Маслов 	Леонид Николаевич	loginDEfwx2018	t|*wCk	Менеджер по закупкам	Маслов Леонид Николаевич
Родионова 	Венера Арсеньевна	loginDEggp2018	bBNxJb	Менеджер по закупкам	Родионова Венера Арсеньевна
Агафонов 	Пантелеймон Гордеевич	loginDEbgb2018	VtmP58	Менеджер по закупкам	Агафонов Пантелеймон Гордеевич
Кудрявцев 	Гордей Авксентьевич	loginDEnif2018	Nhj*t+	Менеджер по продажам	Кудрявцев Гордей Авксентьевич
Лыткина 	Алевтина Романовна	loginDEsvs2018	tLgPnC	Менеджер по продажам	Лыткина Алевтина Романовна
Князев 	Геласий Евсеевич	loginDEghx2018	gue+iw	Менеджер по продажам	Князев Геласий Евсеевич
Бирюкова 	Пелагея Дмитрьевна	loginDElmy2018	X2LtuP	Менеджер по закупкам	Бирюкова Пелагея Дмитрьевна
Быков 	Лаврентий Ярославович	loginDEevd2018	GMbcZN	Мастер	Быков Лаврентий Ярославович
Воронов 	Олег Яковович	loginDEodd2018	s2|Eb1	Мастер	Воронов Олег Яковович
Богданова 	Марфа Владимировна	loginDEmrj2018	blrD&8	Директор	Богданова Марфа Владимировна
Беляев 	Донат Агафонович	loginDEyct2018	uD+|Ud	Директор	Беляев Донат Агафонович
Константинова 	Вероника Агафоновна	loginDEsgg2018	qhgYnW	Менеджер по закупкам	Константинова Вероника Агафоновна
Меркушев 	Мартын Федотович	loginDEdcd2018	LxR6YI	Мастер	Меркушев Мартын Федотович
Казаков 	Федот Кондратович	loginDEisg2018	Cp8ddU	Менеджер по закупкам	Казаков Федот Кондратович
Карпов 	Улеб Леонидович	loginDEcph2018	7YpE0p	Директор	Карпов Улеб Леонидович
Королёв 	Матвей Вадимович	loginDEgco2018	nMr|ss	Мастер	Королёв Матвей Вадимович
Юдин 	Герман Кондратович	loginDEwjg2018	9UfqWQ	Заказчик	Юдин Герман Кондратович
Беляева 	Анна Вячеславовна	loginDEjbz2018	xIAWNI	Директор	Беляева Анна Вячеславовна
Беляев 	Валентин Артёмович	loginDEmgu2018	0gC3bk	Менеджер по продажам	Беляев Валентин Артёмович
Семёнов 	Герман Дмитрьевич	loginDErdg2018	ni0ue0	Менеджер по продажам	Семёнов Герман Дмитрьевич
Шестаков 	Илья Антонинович	loginDEjtv2018	f2ZaN6	Заказчик	Шестаков Илья Антонинович
Власов 	Вадим Васильевич	loginDEtfj2018	{{ksPn	Мастер	Власов Вадим Васильевич
Савельев 	Арсений Авксентьевич	loginDEpnb2018	{ADBdc	Директор	Савельев Арсений Авксентьевич
Ефимов 	Руслан Якунович	loginDEzer2018	5&R+zs	Директор	Ефимов Руслан Якунович
Бурова 	Марфа Федотовна	loginDEiin2018	y9l*b}	Мастер	Бурова Марфа Федотовна
Селезнёв 	Александр Никитевич	loginDEqda2018	|h+r}I	Мастер	Селезнёв Александр Никитевич
Кулакова 	Виктория Георгьевна	loginDEbnj2018	#ИМЯ?	Мастер	Кулакова Виктория Георгьевна
Дорофеева 	Кира Демьяновна	loginDEqte2018	dC8bDI	Мастер	Дорофеева Кира Демьяновна
Сафонова 	Нинель Якововна	loginDEfeo2018	8cI7vq	Мастер	Сафонова Нинель Якововна
Ситникова 	София Лукьевна	loginDEvni2018	e4pVIv	Заказчик	Ситникова София Лукьевна
Медведев 	Ириней Геннадьевич	loginDEjis2018	A9K++2	Менеджер по закупкам	Медведев Ириней Геннадьевич
Суханова 	Евгения Улебовна	loginDExvv2018	R1zh}|	Менеджер по продажам	Суханова Евгения Улебовна
Игнатьев 	Владлен Дамирович	loginDEadl2018	F&IWf4	Менеджер по закупкам	Игнатьев Владлен Дамирович
Ефремов 	Христофор Владиславович	loginDEyzn2018	P1v24R	Заказчик	Ефремов Христофор Владиславович
Кошелев 	Ростислав Куприянович	loginDEphn2018	F}jGsJ	Заказчик	Кошелев Ростислав Куприянович
Галкина 	Тамара Авксентьевна	loginDEdvk2018	NKNkup	Директор	Галкина Тамара Авксентьевна
Журавлёва 	Вера Арсеньевна	loginDEtld2018	c+CECK	Менеджер по закупкам	Журавлёва Вера Арсеньевна
Савина 	Таисия Глебовна	loginDEima2018	XK3sOA	Директор	Савина Таисия Глебовна
Иванов 	Яков Мэлорович	loginDEyfe2018	4Bbzpa	Заказчик	Иванов Яков Мэлорович
Лыткин 	Ким Алексеевич	loginDEwqc2018	vRtAP*	Менеджер по продажам	Лыткин Ким Алексеевич
Логинов 	Федот Святославович	loginDEgtt2018	7YD|BR	Менеджер по закупкам	Логинов Федот Святославович
Русакова 	Марина Юлиановна	loginDEiwl2018	LhlmIl	Менеджер по закупкам	Русакова Марина Юлиановна
Константинов 	Пётр Кондратович	loginDEyvi2018	22beR}	Директор	Константинов Пётр Кондратович
Поляков 	Анатолий Игоревич	loginDEtfz2018	uQY0ZQ	Заказчик	Поляков Анатолий Игоревич
Панфилова 	Василиса Григорьевна	loginDEikb2018	*QkUxc	Директор	Панфилова Василиса Григорьевна
Воробьёв 	Герман Романович	loginDEdmi2018	HOGFbU	Заказчик	Воробьёв Герман Романович
Андреев 	Ростислав Федосеевич	loginDEtlo2018	58Jxrg	Директор	Андреев Ростислав Федосеевич
Бобров 	Агафон Владимирович	loginDEsnd2018	lLHqZf	Директор	Бобров Агафон Владимирович
Лапин 	Алексей Витальевич	loginDEgno2018	4fqLiO	Директор	Лапин Алексей Витальевич
Шестаков 	Авдей Иванович	loginDEgnl2018	wdio{u	Мастер	Шестаков Авдей Иванович
Гаврилова 	Алина Эдуардовна	loginDEzna2018	yz1iMB	Заказчик	Гаврилова Алина Эдуардовна
Жуков 	Юлиан Валерьянович	loginDEsyh2018	&4jYGs	Менеджер по закупкам	Жуков Юлиан Валерьянович
Пономарёв 	Максим Альвианович	loginDExex2018	rnh36{	Мастер	Пономарёв Максим Альвианович
Зиновьева 	Мария Лаврентьевна	loginDEdjm2018	KjI1JR	Менеджер по продажам	Зиновьева Мария Лаврентьевна
Осипов 	Артём Мэлорович	loginDEgup2018	36|KhF	Заказчик	Осипов Артём Мэлорович
Лапин 	Вячеслав Геласьевич	loginDEdat2018	ussd8Q	Директор	Лапин Вячеслав Геласьевич
Зуев 	Ириней Вадимович	loginDEffj2018	cJP+HC	Мастер	Зуев Ириней Вадимович
Коновалова 	Агафья Митрофановна	loginDEisp2018	dfz5Ii	Менеджер по закупкам	Коновалова Агафья Митрофановна
Исаев 	Дмитрий Аристархович	loginDEfrp2018	6dcR|9	Менеджер по продажам	Исаев Дмитрий Аристархович
Белозёрова 	Алевтина Лаврентьевна	loginDEaee2018	5&qONH	Мастер	Белозёрова Алевтина Лаврентьевна
Самсонов 	Агафон Максимович	loginDEthu2018	|0xWzV	Заказчик	Самсонов Агафон Максимович
Якушев 	Евсей Лукьевич	loginDEdcx2018	TYlFkM	Мастер	Якушев Евсей Лукьевич
Фёдоров 	Святослав Григорьевич	loginDEnsa2018	LdqH+T	Мастер	Фёдоров Святослав Григорьевич
Борисов 	Герман Дамирович	loginDErxm2018	8EavEy	Мастер	Борисов Герман Дамирович
Ситников 	Серапион Фролович	loginDEaic2018	X2adoa	Менеджер по закупкам	Ситников Серапион Фролович
Третьяков 	Валерьян Иринеевич	loginDEwul2018	uK&3Zr	Менеджер по закупкам	Третьяков Валерьян Иринеевич
Комиссарова 	Мария Владимировна	loginDEjgl2018	++04Tb	Мастер	Комиссарова Мария Владимировна
Меркушева 	Раиса Владленовна	loginDEgtk2018	pNWXhi	Заказчик	Меркушева Раиса Владленовна
Калашникова 	Венера Якуновна	loginDEvrd2018	S7N9hz	Мастер	Калашникова Венера Якуновна
Комиссаров 	Семён Павлович	loginDExky2018	Kt9EAS	Директор	Комиссаров Семён Павлович
Денисов 	Митрофан Егорович	loginDExnj2018	IJDdP0	Менеджер по продажам	Денисов Митрофан Егорович
Матвиенко 	Дамир Богданович	loginDEnbu2018	86uDLd	Мастер	Матвиенко Дамир Богданович
Кириллов 	Константин Алексеевич	loginDEiik2018	gKt2zV	Мастер	Кириллов Константин Алексеевич
Медведьев 	Фёдор Мэлсович	loginDEwyi2018	9eskgK	Мастер	Медведьев Фёдор Мэлсович
Карпов 	Евгений Лукьевич	loginDEpfr2018	mW1Q36	Мастер	Карпов Евгений Лукьевич
Маркова 	Евдокия Артёмовна	loginDEjct2018	3WpoK9	Мастер	Маркова Евдокия Артёмовна
Красильников 	Тихон Богданович	loginDEsmg2018	ApH1By	Заказчик	Красильников Тихон Богданович
Титов 	Семён Иринеевич	loginDEexu2018	Nt44pG	Менеджер по продажам	Титов Семён Иринеевич
Кудряшов 	Борис Иринеевич	loginDEztr2018	MYCgB7	Менеджер по закупкам	Кудряшов Борис Иринеевич
Гаврилова 	Нинель Денисовна	loginDEwrc2018	SktJa|	Менеджер по закупкам	Гаврилова Нинель Денисовна
Быков 	Дмитрий Валерьянович	loginDEzjs2018	|x{s+X	Менеджер по закупкам	Быков Дмитрий Валерьянович
Фомичёв 	Денис Федосеевич	loginDEeka2018	mLZvLv	Менеджер по продажам	Фомичёв Денис Федосеевич
Белова 	Марфа Матвеевна	loginDEepr2018	BG6tpN	Директор	Белова Марфа Матвеевна
Романова 	Марина Лаврентьевна	loginDEsnq2018	hrD}}g	Директор	Романова Марина Лаврентьевна
Беспалов 	Демьян Витальевич	loginDEvqn2018	LPa|e3	Мастер	Беспалов Демьян Витальевич
Архипова 	Венера Демьяновна	loginDEery2018	*I0Rdi	Мастер	Архипова Венера Демьяновна
Носков 	Парфений Георгьевич	loginDElqv2018	Hqfw17	Заказчик	Носков Парфений Георгьевич
Зыков 	Иван Варламович	loginDEtuz2018	Yln7JW	Менеджер по закупкам	Зыков Иван Варламович
Иван 	Протасьевна	loginDEllr2018	hXtdCD	Менеджер по закупкам	Иван Протасьевна
Рожков 	Протасий Альвианович	loginDEisy2018	5k5dHN	Менеджер по продажам	Рожков Протасий Альвианович
Большакова 	Нинель Протасьевна	loginDEqiv2018	h+N2uW	Директор	Большакова Нинель Протасьевна
Наумова 	Лидия Донатовна	loginDEmfu2018	{ZpDBn	Мастер	Наумова Лидия Донатовна
Панова 	Ольга Олеговна	loginDEgbd2018	+86Nf*	Менеджер по продажам	Панова Ольга Олеговна
Комаров 	Аркадий Иванович	loginDEkdg2018	R0tt07	Директор	Комаров Аркадий Иванович
Федосеева 	Тамара Михаиловна	loginDEjrs2018	MVg{yd	Директор	Федосеева Тамара Михаиловна
Пестов 	Роман Михаилович	loginDEmvd2018	wyLDa{	Мастер	Пестов Роман Михаилович
Блинов 	Артём Ильяович	loginDEctc2018	B&dlx+	Менеджер по закупкам	Блинов Артём Ильяович
Владимирова 	Полина Иринеевна	loginDEavf2018	oDTttg	Заказчик	Владимирова Полина Иринеевна
Силин 	Игнатий Яковович	loginDEako2018	tD8J5+	Директор	Силин Игнатий Яковович
Кононов 	Геннадий Созонович	loginDEzrg2018	WXIgGi	Менеджер по закупкам	Кононов Геннадий Созонович
Дьячков 	Фрол Арсеньевич	loginDEdwq2018	WkTaBP	Менеджер по продажам	Дьячков Фрол Арсеньевич
Горбачёв 	Арсений Григорьевич	loginDEszg2018	NWkAVP	Заказчик	Горбачёв Арсений Григорьевич
Виноградов 	Яков Онисимович	loginDEmeh2018	HQ+m4W	Мастер	Виноградов Яков Онисимович
Лаврентьева 	Валентина Васильевна	loginDEpwm2018	be7AT0	Заказчик	Лаврентьева Валентина Васильевна
Брагин 	Лукьян Мартынович	loginDEnaq2018	I8c5EB	Мастер	Брагин Лукьян Мартынович
Трофимов 	Кондрат Игоревич	loginDEtuk2018	6aDAzV	Менеджер по закупкам	Трофимов Кондрат Игоревич
Степанова 	Глафира Авксентьевна	loginDEhsb2018	n|I6A0	Заказчик	Степанова Глафира Авксентьевна
Федосеев 	Пётр Григорьевич	loginDEaoi2018	Dl58m|	Менеджер по закупкам	Федосеев Пётр Григорьевич
Поляков 	Николай Антонович	loginDErmk2018	D3GuIv	Менеджер по продажам	Поляков Николай Антонович
Медведев 	Владимир Онисимович	loginDEfnd2018	74D9|d	Менеджер по продажам	Медведев Владимир Онисимович
Иван 	Мэлоровна	loginDEtza2018	A7Qldh	Менеджер по продажам	Иван Мэлоровна
Медведева 	Ангелина Валентиновна	loginDEnoq2018	qyKzu6	Директор	Медведева Ангелина Валентиновна
Сафонова 	Дарья Брониславовна	 loginDEmid2018	CVjLBK	Мастер	Сафонова Дарья Брониславовна
Большаков 	Федот Владимирович	loginDEaua2018	OJgRk4	Менеджер по продажам	Большаков Федот Владимирович
Дроздов 	Куприян Александрович	loginDEvvs2018	oBv+5G	Менеджер по продажам	Дроздов Куприян Александрович
Рябова 	Лукия Руслановна	loginDEhne2018	Lidn5o	Директор	Рябова Лукия Руслановна
Артемьева 	Фаина Христофоровна	loginDEksx2018	gLTUuE	Директор	Артемьева Фаина Христофоровна
Комиссарова 	Варвара Руслановна	loginDEota2018	xc&O3U	Мастер	Комиссарова Варвара Руслановна
Романова 	Оксана Мартыновна	loginDEcda2018	Ji63Jt	Заказчик	Романова Оксана Мартыновна
Бобров 	Артём Валерьянович	loginDEhjr2018	4aeumW	Менеджер по закупкам	Бобров Артём Валерьянович
Соколов 	Василий Михаилович	loginDEtps2018	G&lq7J	Директор	Соколов Василий Михаилович
Рогов 	Лукьян Онисимович	loginDEwdj2018	xj+&hg	Мастер	Рогов Лукьян Онисимович
Фомичёва 	Светлана Тихоновна	loginDEgtc2018	ysRjen	Мастер	Фомичёва Светлана Тихоновна
Макаров 	Егор Святославович	loginDEeib2018	DN0Zs&	Заказчик	Макаров Егор Святославович
Афанасьева 	Марфа Куприяновна	loginDEzjn2018	E8c864	Менеджер по продажам	Афанасьева Марфа Куприяновна
Рыбаков 	Андрей Семёнович	loginDEdsm2018	dQPs1p	Менеджер по продажам	Рыбаков Андрей Семёнович
Белоусова 	Лариса Валерьяновна	loginDEuxs2018	5FVwny	Менеджер по закупкам	Белоусова Лариса Валерьяновна
Ершов 	Сергей Геласьевич	loginDExss2018	AiQQ|q	Мастер	Ершов Сергей Геласьевич
Иванова 	Жанна Матвеевна	loginDEtog2018	TE757+	Мастер	Иванова Жанна Матвеевна
Носков 	Александр Богданович	loginDEjfr2018	nxLt10	Менеджер по продажам	Носков Александр Богданович
Уваров 	Анатолий Парфеньевич	loginDEcnj2018	QCQd0Z	Заказчик	Уваров Анатолий Парфеньевич
Некрасова 	Ирина Ильяовна	loginDEnsz2018	WS}BK1	Менеджер по продажам	Некрасова Ирина Ильяовна
Боброва 	Дарья Федосеевна	loginDEgva2018	SXlY&e	Мастер	Боброва Дарья Федосеевна
Степанова 	Любовь Лукьевна	loginDErgi2018	ROPHET	Менеджер по закупкам	Степанова Любовь Лукьевна
Меркушев 	Дамир Улебович	loginDEgho2018	kDKj}M	Менеджер по продажам	Меркушев Дамир Улебович
Хохлова 	Виктория Глебовна	loginDEgmb2018	czGJP5	Менеджер по закупкам	Хохлова Виктория Глебовна
Мельникова 	Таисия Лукьяновна	loginDEunc2018	M*DY73	Заказчик	Мельникова Таисия Лукьяновна
Кошелев 	Владислав Лукьянович	loginDEatn2018	h{QXsQ	Менеджер по продажам	Кошелев Владислав Лукьянович
Тетерин 	Всеволод Ростиславович	loginDEwlw2018	9gIoYv	Заказчик	Тетерин Всеволод Ростиславович
Капустина 	Любовь Викторовна	loginDEunh2018	nhp6F0	Мастер	Капустина Любовь Викторовна
Комиссарова 	Дарья Парфеньевна	loginDEzvg2018	NEACzR	Заказчик	Комиссарова Дарья Парфеньевна
Назаров 	Евгений Юлианович	loginDEhhe2018	LKkrzY	Менеджер по продажам	Назаров Евгений Юлианович
Зайцев 	Юрий Анатольевич	loginDEfjj2018	dyv&fw	Заказчик	Зайцев Юрий Анатольевич
Селиверстова 	Дарья Георгьевна	loginDEtun2018	}TKwPx	Мастер	Селиверстова Дарья Георгьевна
Наумова 	Вера Ивановна	loginDEmym2018	WhDPfl	Мастер	Наумова Вера Ивановна
Быков 	Даниил Антонинович	loginDEmxi2018	uEQkUn	Менеджер по продажам	Быков Даниил Антонинович
Корнилова 	Алина Игоревна	loginDEeiw2018	bLgTtm	Менеджер по закупкам	Корнилова Алина Игоревна
Родионов 	Григорий Антонович	loginDEotu2018	o5BP5N	Мастер	Родионов Григорий Антонович
Волков 	Владлен Николаевич	loginDEiui2018	ce4&gT	Мастер	Волков Владлен Николаевич
Дьячкова 	Ираида Якововна	loginDEcsm2018	*X3Tl8	Менеджер по закупкам	Дьячкова Ираида Якововна
Орлов 	Юрий Андреевич	loginDEgwr2018	xhCEUR	Менеджер по закупкам	Орлов Юрий Андреевич
Гордеев 	Аристарх Русланович	loginDEjcu2018	2+JLPl	Заказчик	Гордеев Аристарх Русланович
Зыков 	Варлам Протасьевич	loginDExyn2018	IFFTHr	Мастер	Зыков Варлам Протасьевич
Фомичёв 	Богдан Федотович	loginDEzpz2018	PRI8h7	Директор	Фомичёв Богдан Федотович
Дорофеева 	Валерия Павловна	loginDEhic2018	OPCVb1	Заказчик	Дорофеева Валерия Павловна
Матвеев 	Борис Мэлорович	loginDEiwx2018	9{rX8I	Менеджер по продажам	Матвеев Борис Мэлорович
Исакова 	Прасковья Олеговна	loginDEmos2018	gC*38U	Менеджер по продажам	Исакова Прасковья Олеговна
Стрелков 	Максим Гордеевич	loginDEqov2018	AIINBG	Мастер	Стрелков Максим Гордеевич
Волков 	Николай Ярославович	loginDEket2018	TN4H+S	Менеджер по закупкам	Волков Николай Ярославович
Мишин 	Донат Брониславович	loginDEayo2018	wHQKY5	Директор	Мишин Донат Брониславович
Гурьев 	Матвей Артёмович	loginDEryt2018	XcFoH*	Директор	Гурьев Матвей Артёмович
Одинцов 	Даниил Мстиславович	loginDEsvp2018	4kES&p	Менеджер по продажам	Одинцов Даниил Мстиславович
Юдин 	Антон Васильевич	loginDEiks2018	FXV&W*	Заказчик	Юдин Антон Васильевич
Котова 	Элеонора Протасьевна	loginDEhyt2018	3E{ZDm	Менеджер по закупкам	Котова Элеонора Протасьевна
Александров 	Евсей Тихонович	loginDExkt2018	2EyCBy	Менеджер по продажам	Александров Евсей Тихонович
Денисов 	Яков Даниилович	loginDEjyt2018	E&Ac|h	Менеджер по продажам	Денисов Яков Даниилович
Васильева 	Татьяна Пётровна	loginDErvn2018	6G+AZH	Директор	Васильева Татьяна Пётровна
Гуляева 	Октябрина Кондратовна	loginDEitl2018	BECfk*	Менеджер по закупкам	Гуляева Октябрина Кондратовна
Борисова 	Синклитикия Григорьевна	loginDEpfw2018	3kY3&K	Директор	Борисова Синклитикия Григорьевна
Романова 	Евдокия Альбертовна	loginDEide2018	dFR{Aq	Мастер	Романова Евдокия Альбертовна
Ефимов 	Руслан Улебович	loginDEtur2018	#ИМЯ?	Директор	Ефимов Руслан Улебович
Назаров 	Ким Кимович	loginDEtwc2018	oqx3Pv	Мастер	Назаров Ким Кимович
Никитина 	Татьяна Агафоновна	loginDEslj2018	YP*v6E	Менеджер по закупкам	Никитина Татьяна Агафоновна
Панов 	Никита Евсеевич	loginDEkxx2018	GhlUU&	Менеджер по закупкам	Панов Никита Евсеевич
Журавлёва 	Елизавета Артёмовна	loginDEvdz2018	OhnHez	Мастер	Журавлёва Елизавета Артёмовна
Киселёв 	Бронислав Арсеньевич	loginDEnvw2018	blqZ85	Менеджер по продажам	Киселёв Бронислав Арсеньевич
Галкин 	Владислав Кимович	loginDEdno2018	PJ05BT	Мастер	Галкин Владислав Кимович
Анисимова 	Таисия Улебовна	loginDEmmc2018	8a0pbC	Менеджер по закупкам	Анисимова Таисия Улебовна
Якушев 	Валерьян Викторович	loginDEckd2018	apfX0U	Директор	Якушев Валерьян Викторович
Максимов 	Ириней Дамирович	loginDEbbm2018	l4tp}r	Заказчик	Максимов Ириней Дамирович
Миронова 	Валерия Владиславовна	loginDEppq2018	Wgi6Ff	Заказчик	Миронова Валерия Владиславовна
Поляков 	Георгий Авдеевич	loginDEmnq2018	laFpJG	Менеджер по продажам	Поляков Георгий Авдеевич
Фадеев 	Николай Денисович	loginDEmqg2018	4*M&VK	Заказчик	Фадеев Николай Денисович
Авдеева 	Наталья Викторовна	loginDEazm2018	2seWAw	Менеджер по закупкам	Авдеева Наталья Викторовна
Калинин 	Бронислав Денисович	loginDEapw2018	NX6N*N	Менеджер по продажам	Калинин Бронислав Денисович
Суворов 	Дамир Яковович	loginDEtic2018	gIXztH	Директор	Суворов Дамир Яковович
Горбачёва 	Зоя Куприяновна	loginDEfgs2018	#ИМЯ?	Заказчик	Горбачёва Зоя Куприяновна
Романов 	Анатолий Юлианович	loginDEdrt2018	wg*xRp	Менеджер по закупкам	Романов Анатолий Юлианович
Соловьёва 	Полина Игоревна	loginDErtg2018	bg7NzS	Заказчик	Соловьёва Полина Игоревна
Никифоров 	Владлен Васильевич	loginDEijp2018	*V969Y	Заказчик	Никифоров Владлен Васильевич
Кулаков 	Федот Георгьевич	loginDEpnl2018	jinnCV	Мастер	Кулаков Федот Георгьевич
Смирнова 	Елена Якововна	loginDExjm2018	0PYqey	Директор	Смирнова Елена Якововна
Волков 	Федосей Святославович	loginDEecw2018	V8}GOZ	Заказчик	Волков Федосей Святославович
Мухин 	Леонид Антонович	loginDEdzx2018	#ИМЯ?	Мастер	Мухин Леонид Антонович
Гурьева 	Ангелина Матвеевна	loginDEaaf2018	SIBZnG	Менеджер по продажам	Гурьева Ангелина Матвеевна
Захаров 	Артём Вячеславович	loginDEqtm2018	fsKT+2	Заказчик	Захаров Артём Вячеславович
Баранова 	Евдокия Игнатьевна	loginDEfzb2018	0Q6cQY	Заказчик	Баранова Евдокия Игнатьевна
Кулакова 	Оксана Ярославовна	loginDErqv2018	2LK9Pw	Мастер	Кулакова Оксана Ярославовна
Муравьёва 	Синклитикия Геннадьевна	loginDEzwx2018	3tICV1	Мастер	Муравьёва Синклитикия Геннадьевна
Медведев 	Евгений Эдуардович	loginDEjzi2018	5cDW2|	Директор	Медведев Евгений Эдуардович
Савельева 	Феврония Фёдоровна	loginDEsjj2018	wuVex4	Менеджер по продажам	Савельева Феврония Фёдоровна
Лаврентьева 	Элеонора Агафоновна	loginDEidz2018	G5DP2D	Заказчик	Лаврентьева Элеонора Агафоновна
Носов 	Альберт Ярославович	loginDEtqb2018	Y+Dq4P	Мастер	Носов Альберт Ярославович
Капустин 	Фрол Пётрович	loginDEcdz2018	e1oDkm	Заказчик	Капустин Фрол Пётрович
Крюков 	Евсей Семёнович	loginDEoio2018	wHOAvL	Заказчик	Крюков Евсей Семёнович
Громов 	Протасий Георгьевич	loginDEljv2018	utbJSk	Директор	Громов Протасий Георгьевич
Ларионова 	Агата Ефимовна	loginDEcfc2018	GxVX}g	Менеджер по закупкам	Ларионова Агата Ефимовна
Пономарёв 	Ким Семёнович	loginDEofx2018	dMTmGz	Заказчик	Пономарёв Ким Семёнович
Герасимова 	Элеонора Вадимовна	loginDEhns2018	oX7tXV	Заказчик	Герасимова Элеонора Вадимовна
Галкин 	Георгий Фёдорович	loginDExrk2018	8&vYwK	Заказчик	Галкин Георгий Фёдорович
Воронова 	Антонина Всеволодовна	loginDEscf2018	O|o5A+	Мастер	Воронова Антонина Всеволодовна
Денисов 	Святослав Онисимович	loginDEyua2018	rW71Ck	Заказчик	Денисов Святослав Онисимович
Гаврилов 	Демьян Валентинович	loginDEgkj2018	yXC+SX	Директор	Гаврилов Демьян Валентинович
Аксёнова 	Маргарита Артёмовна	loginDEtad2018	cp1gN+	Заказчик	Аксёнова Маргарита Артёмовна
Королёв 	Якун Степанович	loginDEsan2018	q7Qx66	Мастер	Королёв Якун Степанович
Кузьмина 	Прасковья Онисимовна	loginDEgbx2018	qrB{e1	Мастер	Кузьмина Прасковья Онисимовна
Ефимова 	Александра Парфеньевна	loginDEusz2018	0||9by	Директор	Ефимова Александра Парфеньевна
Красильникова 	Лариса Ефимовна	loginDEanl2018	EcBP7N	Менеджер по закупкам	Красильникова Лариса Ефимовна
Ларионова 	Фёкла Филатовна	loginDEgzu2018	AkAXti	Директор	Ларионова Фёкла Филатовна
Шашков 	Филат Кимович	loginDEriw2018	W39VRH	Менеджер по продажам	Шашков Филат Кимович
Мамонтова 	Элеонора Максимовна	loginDEuup2018	yJ}w5s	Директор	Мамонтова Элеонора Максимовна
Воробьёв 	Мартын Игоревич	loginDExeu2018	dObOMp	Заказчик	Воробьёв Мартын Игоревич
Корнилова 	Кира Брониславовна	loginDElkp2018	TA6grZ	Менеджер по закупкам	Корнилова Кира Брониславовна
Лебедев 	Герман Евгеньевич	loginDEzfz2018	GzUp*R	Заказчик	Лебедев Герман Евгеньевич
Лазарев 	Мэлор Дмитрьевич	loginDEkhc2018	#ИМЯ?	Менеджер по закупкам	Лазарев Мэлор Дмитрьевич
Зайцев 	Мэлс Русланович	loginDEwsi2018	8|JAAt	Менеджер по продажам	Зайцев Мэлс Русланович
Устинова 	Зоя Созоновна	loginDExhs2018	g+wDAX	Мастер	Устинова Зоя Созоновна
Некрасова 	Алла Альбертовна	loginDEmad2018	cRKuGW	Мастер	Некрасова Алла Альбертовна
Волков 	Ириней Ефимович	loginDEpav2018	7eur3a	Менеджер по продажам	Волков Ириней Ефимович
Кондратьев 	Геннадий Дмитрьевич	loginDEave2018	|+aXyG	Директор	Кондратьев Геннадий Дмитрьевич
Копылова 	Ульяна Тихоновна	loginDEkro2018	N5|}vM	Менеджер по закупкам	Копылова Ульяна Тихоновна
Баранов 	Анатолий Митрофанович	loginDEdsu2018	aZZhZQ	Заказчик	Баранов Анатолий Митрофанович
Прохорова 	Нина Улебовна	loginDEfuv2018	xSvieW	Менеджер по продажам	Прохорова Нина Улебовна
Якушева 	Ольга Игнатьевна	loginDEsnk2018	lkR1ZZ	Менеджер по закупкам	Якушева Ольга Игнатьевна
Филиппов 	Борис Геннадьевич	loginDEppv2018	yg1DH+	Заказчик	Филиппов Борис Геннадьевич
Мишин 	Владлен Арсеньевич	loginDEkzy2018	DpvYbd	Мастер	Мишин Владлен Арсеньевич
Шилова 	Татьяна Георгьевна	loginDEpmj2018	0{6txi	Менеджер по продажам	Шилова Татьяна Георгьевна
Исаков 	Филат Григорьевич	loginDEagt2018	HDZ&8{	Менеджер по продажам	Исаков Филат Григорьевич
Трофимов 	Иван Антонинович	loginDEmch2018	IC2+2a	Заказчик	Трофимов Иван Антонинович
Туров 	Юлиан Парфеньевич	loginDEzeq2018	WlZOJ3	Директор	Туров Юлиан Парфеньевич
Котов 	Анатолий Арсеньевич	loginDEdts2018	lyy5BX	Директор	Котов Анатолий Арсеньевич
Антонов 	Германн Мартынович	loginDEgdn2018	rkaUu0	Заказчик	Антонов Германн Мартынович
Кондратьева 	Наталья Юлиановна	loginDEmvy2018	3Y}DMk	Менеджер по закупкам	Кондратьева Наталья Юлиановна
Дьячкова 	Екатерина Владленовна	loginDEjtt2018	eKlTzd	Директор	Дьячкова Екатерина Владленовна
Ефимов 	Альвиан Серапионович	loginDEmty2018	J20FCe	Менеджер по продажам	Ефимов Альвиан Серапионович
Зимина 	Лукия Дмитрьевна	loginDEjmx2018	i{OH{c	Менеджер по закупкам	Зимина Лукия Дмитрьевна
Сазонов 	Мэлор Созонович	loginDEygt2018	zDTc9&	Мастер	Сазонов Мэлор Созонович
Медведева 	Лариса Ростиславовна	loginDEypc2018	vtxvjy	Заказчик	Медведева Лариса Ростиславовна
Кириллов 	Игнатий Ростиславович	loginDErip2018	re53rs	Мастер	Кириллов Игнатий Ростиславович
Владимиров 	Егор Пётрович	loginDEahk2018	|tP8kR	Мастер	Владимиров Егор Пётрович
Мартынова 	Дарья Васильевна	loginDEbid2018	DeyUEY	Менеджер по закупкам	Мартынова Дарья Васильевна
Иван 	Фёдоровна	loginDEupo2018	Az*YxR	Заказчик	Иван Фёдоровна
Калинина 	Феврония Брониславовна	loginDEvel2018	dA5Kk+	Мастер	Калинина Феврония Брониславовна
Крылова 	Людмила Германовна	loginDEnpc2018	AozkWP	Заказчик	Крылова Людмила Германовна
Потапов 	Геннадий Созонович	loginDEigv2018	ZOYxOn	Мастер	Потапов Геннадий Созонович
Мельникова 	Нонна Альвиановна	loginDEwrl2018	CeSxSp	Менеджер по продажам	Мельникова Нонна Альвиановна
Авдеева 	Елизавета Федотовна	loginDEbbl2018	BXfnEL	Директор	Авдеева Елизавета Федотовна
Лапина 	Синклитикия Аристарховна	loginDEteq2018	YI+ss5	Менеджер по продажам	Лапина Синклитикия Аристарховна
Третьяков 	Юрий Станиславович	loginDEdis2018	|1+hrs	Менеджер по закупкам	Третьяков Юрий Станиславович
Николаев 	Ефим Константинович	loginDElsk2018	h0OP2P	Менеджер по продажам	Николаев Ефим Константинович
Иванова 	Ирина Мэлсовна	loginDEegj2018	52*BRY	Мастер	Иванова Ирина Мэлсовна
